img_path,text
./test/test_00001.png,도군
./test/test_00002.png,규가스
./test/test_00003.png,
./test/test_00004.png,동경
./test/test_00005.png,덕천중학교
./test/test_00006.png,로덤노인요양원
./test/test_00007.png,한우리건축사사무소
./test/test_00008.png,배꿈시계
./test/test_00009.png,의의
./test/test_00010.png,소주
./test/test_00011.png,신선육국내산
./test/test_00012.png,피엔라벤진주접
./test/test_00013.png,수족관
./test/test_00014.png,네
./test/test_00015.png,꼬
./test/test_00016.png,성원유리가공사
./test/test_00017.png,다정
./test/test_00018.png,미용실
./test/test_00019.png,왕배
./test/test_00020.png,시카고봄
./test/test_00021.png,고히여관
./test/test_00022.png,제민내
./test/test_00023.png,래쉬에이
./test/test_00024.png,분티
./test/test_00025.png,올리데
./test/test_00026.png,실사현수막
./test/test_00027.png,유객즉
./test/test_00028.png,식당가
./test/test_00029.png,편의시설
./test/test_00030.png,의율리
./test/test_00031.png,체형관리
./test/test_00032.png,세아타워
./test/test_00033.png,체코흑생맥주전문점
./test/test_00034.png,패함원
./test/test_00035.png,테권보스
./test/test_00036.png,뉴개슬호텔
./test/test_00037.png,공감
./test/test_00038.png,립반
./test/test_00039.png,표
./test/test_00040.png,탓
./test/test_00041.png,권즈헤어
./test/test_00042.png,이줄수트
./test/test_00043.png,메이드운
./test/test_00044.png,뼈다귀팅
./test/test_00045.png,배사
./test/test_00046.png,둘리분식
./test/test_00047.png,롭다이온스름럽
./test/test_00048.png,먹이라
./test/test_00049.png,구위라
./test/test_00050.png,심성용이다
./test/test_00051.png,공인중싸
./test/test_00052.png,씨문산
./test/test_00053.png,효도마을요양원
./test/test_00054.png,프라임리방텔
./test/test_00055.png,실프사진관
./test/test_00056.png,국
./test/test_00057.png,제과제빵
./test/test_00058.png,원
./test/test_00059.png,수원정법원가
./test/test_00060.png,대피하우스
./test/test_00061.png,신우엎예스
./test/test_00062.png,부부한의원
./test/test_00063.png,네인하본
./test/test_00064.png,폐인트
./test/test_00065.png,머리
./test/test_00066.png,해봄
./test/test_00067.png,미래한의원
./test/test_00068.png,누에보
./test/test_00069.png,현대부동산
./test/test_00070.png,티행
./test/test_00071.png,기동사히비
./test/test_00072.png,풍경채
./test/test_00073.png,모줍괴의
./test/test_00074.png,대한독립생
./test/test_00075.png,안빛학원
./test/test_00076.png,당구
./test/test_00077.png,한양
./test/test_00078.png,계라말이
./test/test_00079.png,의의둠
./test/test_00080.png,
./test/test_00081.png,트농
./test/test_00082.png,서다채선다
./test/test_00083.png,용인소방서
./test/test_00084.png,잘생긴
./test/test_00085.png,촬영으로
./test/test_00086.png,자연치과
./test/test_00087.png,국수나무
./test/test_00088.png,홍부물호
./test/test_00089.png,정직한이름
./test/test_00090.png,맘모스문구
./test/test_00091.png,에어이크
./test/test_00092.png,전기구이
./test/test_00093.png,한량통
./test/test_00094.png,댐
./test/test_00095.png,변승변송
./test/test_00096.png,하나인력
./test/test_00097.png,달콤생
./test/test_00098.png,독서논술
./test/test_00099.png,슈퍼올리브영
./test/test_00100.png,전용주차장
./test/test_00101.png,묶임영어
./test/test_00102.png,신동백스크런골프
./test/test_00103.png,종합
./test/test_00104.png,전기
./test/test_00105.png,선한
./test/test_00106.png,약국
./test/test_00107.png,주택청약
./test/test_00108.png,종합저축
./test/test_00109.png,박사이즈
./test/test_00110.png,짚시풍
./test/test_00111.png,약세사리
./test/test_00112.png,
./test/test_00113.png,위험고양가스
./test/test_00114.png,화기엄근
./test/test_00115.png,풍
./test/test_00116.png,속마을
./test/test_00117.png,갈
./test/test_00118.png,각종요리
./test/test_00119.png,디화
./test/test_00120.png,수성실리로
./test/test_00121.png,거예
./test/test_00122.png,맥기는
./test/test_00123.png,즉욕
./test/test_00124.png,본이벼
./test/test_00125.png,본기
./test/test_00126.png,고
./test/test_00127.png,버문미역
./test/test_00128.png,죽스듯이
./test/test_00129.png,국가자격증
./test/test_00130.png,죽전
./test/test_00131.png,디가근
./test/test_00132.png,
./test/test_00133.png,세사리방
./test/test_00134.png,가네
./test/test_00135.png,깜병
./test/test_00136.png,메가타운
./test/test_00137.png,이브자리
./test/test_00138.png,콩꾸
./test/test_00139.png,주꾸미철판
./test/test_00140.png,영고
./test/test_00141.png,에비뉴헤어
./test/test_00142.png,다
./test/test_00143.png,
./test/test_00144.png,선화네
./test/test_00145.png,속어철불
./test/test_00146.png,개
./test/test_00147.png,태전마트
./test/test_00148.png,
./test/test_00149.png,굵목한의원
./test/test_00150.png,이
./test/test_00151.png,땅돌뚜껑삼겨실
./test/test_00152.png,네의
./test/test_00153.png,콜당흉대내
./test/test_00154.png,마마식당
./test/test_00155.png,헤어도로시
./test/test_00156.png,우리국집
./test/test_00157.png,근
./test/test_00158.png,피자
./test/test_00159.png,굵터
./test/test_00160.png,원편지
./test/test_00161.png,보
./test/test_00162.png,상웬
./test/test_00163.png,영습장
./test/test_00164.png,구몸
./test/test_00165.png,곁보당
./test/test_00166.png,새롭학원
./test/test_00167.png,나라다
./test/test_00168.png,과버
./test/test_00169.png,톤
./test/test_00170.png,재텔
./test/test_00171.png,엄마합밥집
./test/test_00172.png,그리다
./test/test_00173.png,태
./test/test_00174.png,스튜다
./test/test_00175.png,새홍생상경살
./test/test_00176.png,여자들세상
./test/test_00177.png,시당
./test/test_00178.png,마나
./test/test_00179.png,가운
./test/test_00180.png,드팀빌당
./test/test_00181.png,한국일보
./test/test_00182.png,알들끈
./test/test_00183.png,러보러브
./test/test_00184.png,온유헤어
./test/test_00185.png,안양말트
./test/test_00186.png,화이트취키
./test/test_00187.png,이프
./test/test_00188.png,우
./test/test_00189.png,선영화실
./test/test_00190.png,태성
./test/test_00191.png,셋종박운
./test/test_00192.png,세중씨임에스
./test/test_00193.png,해드굉하우스
./test/test_00194.png,다
./test/test_00195.png,전민마트
./test/test_00196.png,바이
./test/test_00197.png,그로스빌전문점
./test/test_00198.png,수민이
./test/test_00199.png,다
./test/test_00200.png,되
./test/test_00201.png,노래실
./test/test_00202.png,원컴퓨터
./test/test_00203.png,모바일
./test/test_00204.png,유성닭발
./test/test_00205.png,백듯
./test/test_00206.png,버낭해이
./test/test_00207.png,조
./test/test_00208.png,보리밥
./test/test_00209.png,한소담주발
./test/test_00210.png,태다
./test/test_00211.png,분티
./test/test_00212.png,우런트고
./test/test_00213.png,망빌
./test/test_00214.png,드네일니
./test/test_00215.png,아우로
./test/test_00216.png,
./test/test_00217.png,청신종합주방
./test/test_00218.png,코교
./test/test_00219.png,식당
./test/test_00220.png,가위와빚
./test/test_00221.png,뼈대
./test/test_00222.png,시간
./test/test_00223.png,
./test/test_00224.png,타다
./test/test_00225.png,술자고
./test/test_00226.png,보성빌
./test/test_00227.png,순경빌리
./test/test_00228.png,다돼지
./test/test_00229.png,대학로
./test/test_00230.png,통신래
./test/test_00231.png,돌림졸턱
./test/test_00232.png,다
./test/test_00233.png,헤어산
./test/test_00234.png,아름디운
./test/test_00235.png,과학연주
./test/test_00236.png,붐비
./test/test_00237.png,예어
./test/test_00238.png,골목미장원
./test/test_00239.png,초입용
./test/test_00240.png,실내포차
./test/test_00241.png,셋
./test/test_00242.png,점쟁청스
./test/test_00243.png,씨
./test/test_00244.png,중앙기계상회
./test/test_00245.png,박미선우리옷
./test/test_00246.png,한복공방
./test/test_00247.png,노아
./test/test_00248.png,축
./test/test_00249.png,시무소
./test/test_00250.png,해열속
./test/test_00251.png,메이봄
./test/test_00252.png,브로우
./test/test_00253.png,안
./test/test_00254.png,다정
./test/test_00255.png,온누리약국
./test/test_00256.png,횟수
./test/test_00257.png,에속턱
./test/test_00258.png,볼향병원
./test/test_00259.png,한
./test/test_00260.png,밟
./test/test_00261.png,출
./test/test_00262.png,말
./test/test_00263.png,꼴
./test/test_00264.png,때거
./test/test_00265.png,경호
./test/test_00266.png,틀
./test/test_00267.png,봄
./test/test_00268.png,탑
./test/test_00269.png,
./test/test_00270.png,게용기
./test/test_00271.png,언규방두
./test/test_00272.png,불
./test/test_00273.png,신정
./test/test_00274.png,달말
./test/test_00275.png,미용켓로
./test/test_00276.png,재스
./test/test_00277.png,가라오
./test/test_00278.png,게
./test/test_00279.png,야
./test/test_00280.png,퍽품
./test/test_00281.png,센트럭
./test/test_00282.png,중앙
./test/test_00283.png,부동산
./test/test_00284.png,맘숲
./test/test_00285.png,해법아
./test/test_00286.png,이
./test/test_00287.png,이랑공방
./test/test_00288.png,출
./test/test_00289.png,도장
./test/test_00290.png,명동
./test/test_00291.png,미용실
./test/test_00292.png,성실
./test/test_00293.png,세탁소
./test/test_00294.png,공주시
./test/test_00295.png,태권도
./test/test_00296.png,협회
./test/test_00297.png,물
./test/test_00298.png,물지씨늄
./test/test_00299.png,가행
./test/test_00300.png,문문
./test/test_00301.png,컴퓨터
./test/test_00302.png,세탁소
./test/test_00303.png,세호
./test/test_00304.png,함석
./test/test_00305.png,잎방
./test/test_00306.png,한정
./test/test_00307.png,갈국수
./test/test_00308.png,풀
./test/test_00309.png,대뜰연솜
./test/test_00310.png,출
./test/test_00311.png,영말밟올
./test/test_00312.png,약
./test/test_00313.png,아로이막막
./test/test_00314.png,나드리
./test/test_00315.png,쥐어
./test/test_00316.png,월
./test/test_00317.png,수색
./test/test_00318.png,
./test/test_00319.png,만돈
./test/test_00320.png,신의주
./test/test_00321.png,부대
./test/test_00322.png,씨
./test/test_00323.png,웨몸
./test/test_00324.png,어견용품
./test/test_00325.png,바이지안
./test/test_00326.png,둘장피어성
./test/test_00327.png,리즈
./test/test_00328.png,에스데틱
./test/test_00329.png,또드
./test/test_00330.png,낙
./test/test_00331.png,꽃
./test/test_00332.png,활
./test/test_00333.png,출
./test/test_00334.png,메퍽헤어
./test/test_00335.png,밥
./test/test_00336.png,꿀
./test/test_00337.png,안철현세무사
./test/test_00338.png,미올
./test/test_00339.png,에댐
./test/test_00340.png,만
./test/test_00341.png,청소
./test/test_00342.png,한설
./test/test_00343.png,불
./test/test_00344.png,여
./test/test_00345.png,들
./test/test_00346.png,문랜주계
./test/test_00347.png,수수력
./test/test_00348.png,수토관
./test/test_00349.png,흙
./test/test_00350.png,엷운
./test/test_00351.png,명진
./test/test_00352.png,통
./test/test_00353.png,
./test/test_00354.png,서군
./test/test_00355.png,맥주
./test/test_00356.png,유원지
./test/test_00357.png,노래
./test/test_00358.png,연습장
./test/test_00359.png,이형
./test/test_00360.png,풀
./test/test_00361.png,재벽결교회
./test/test_00362.png,꿀
./test/test_00363.png,꿀
./test/test_00364.png,효츠
./test/test_00365.png,흙
./test/test_00366.png,홍
./test/test_00367.png,활레초
./test/test_00368.png,별갈
./test/test_00369.png,용
./test/test_00370.png,잔따람교
./test/test_00371.png,미래
./test/test_00372.png,탑
./test/test_00373.png,학원
./test/test_00374.png,흙
./test/test_00375.png,불
./test/test_00376.png,동문
./test/test_00377.png,락원
./test/test_00378.png,중앙
./test/test_00379.png,부동산
./test/test_00380.png,이름
./test/test_00381.png,그학고
./test/test_00382.png,퍽투
./test/test_00383.png,초밥
./test/test_00384.png,회
./test/test_00385.png,푹
./test/test_00386.png,가꼬
./test/test_00387.png,노
./test/test_00388.png,더헤어
./test/test_00389.png,출
./test/test_00390.png,음악연습실
./test/test_00391.png,우리
./test/test_00392.png,빌
./test/test_00393.png,풍
./test/test_00394.png,노래방
./test/test_00395.png,산수
./test/test_00396.png,부동산
./test/test_00397.png,과지
./test/test_00398.png,이마트
./test/test_00399.png,편의점
./test/test_00400.png,어보
./test/test_00401.png,부동산
./test/test_00402.png,틀
./test/test_00403.png,영
./test/test_00404.png,영업중
./test/test_00405.png,푹
./test/test_00406.png,수강확싱
./test/test_00407.png,합봄
./test/test_00408.png,아이
./test/test_00409.png,
./test/test_00410.png,방
./test/test_00411.png,이스터
./test/test_00412.png,보쌍
./test/test_00413.png,흙
./test/test_00414.png,양양
./test/test_00415.png,분식
./test/test_00416.png,명문
./test/test_00417.png,부동산
./test/test_00418.png,흙
./test/test_00419.png,업
./test/test_00420.png,올포유
./test/test_00421.png,컬리수
./test/test_00422.png,움
./test/test_00423.png,뜰
./test/test_00424.png,오페라
./test/test_00425.png,품
./test/test_00426.png,비비오
./test/test_00427.png,네일
./test/test_00428.png,일미리
./test/test_00429.png,금계닭
./test/test_00430.png,자미한
./test/test_00431.png,출
./test/test_00432.png,뜻살장대관
./test/test_00433.png,축구레손
./test/test_00434.png,콩
./test/test_00435.png,어
./test/test_00436.png,도부리
./test/test_00437.png,리치빌
./test/test_00438.png,깊수동세무사
./test/test_00439.png,
./test/test_00440.png,식당
./test/test_00441.png,서산
./test/test_00442.png,밟방
./test/test_00443.png,몇
./test/test_00444.png,수지누들
./test/test_00445.png,다인학국
./test/test_00446.png,한우공
./test/test_00447.png,자작나무
./test/test_00448.png,생산청눈야용어
./test/test_00449.png,차이
./test/test_00450.png,용기종기
./test/test_00451.png,네일
./test/test_00452.png,손발공주
./test/test_00453.png,요생
./test/test_00454.png,얘웬이칠
./test/test_00455.png,팬예낙
./test/test_00456.png,우리여인숙
./test/test_00457.png,김정현
./test/test_00458.png,법무사
./test/test_00459.png,현주가방
./test/test_00460.png,코이라엔
./test/test_00461.png,어문스
./test/test_00462.png,강남대점
./test/test_00463.png,봉추짐닭
./test/test_00464.png,제이익헤어
./test/test_00465.png,몸
./test/test_00467.png,빨장
./test/test_00468.png,참치초밥
./test/test_00469.png,전문점
./test/test_00470.png,해우
./test/test_00471.png,세중내과
./test/test_00472.png,주의에
./test/test_00473.png,쌓마콤
./test/test_00474.png,일
./test/test_00475.png,리
./test/test_00476.png,
./test/test_00477.png,올량올량
./test/test_00478.png,그라콩
./test/test_00479.png,법
./test/test_00480.png,새롭어학원
./test/test_00481.png,청가
./test/test_00482.png,목포
./test/test_00483.png,회집
./test/test_00484.png,계홍문고
./test/test_00485.png,인데코
./test/test_00486.png,초원아트
./test/test_00487.png,베및빌리
./test/test_00488.png,꾸어
./test/test_00489.png,뜰라위빛
./test/test_00490.png,위
./test/test_00491.png,태가나헤어
./test/test_00492.png,유성닭발
./test/test_00493.png,수정교회
./test/test_00494.png,국모니말
./test/test_00495.png,운수대통
./test/test_00496.png,꼴라리스
./test/test_00497.png,분리숲
./test/test_00498.png,어린의진
./test/test_00499.png,당갇
./test/test_00500.png,디세벼
./test/test_00501.png,라애
./test/test_00502.png,바꾸다
./test/test_00503.png,카카오길
./test/test_00504.png,
./test/test_00505.png,카레식당
./test/test_00506.png,맛술
./test/test_00507.png,발사랑
./test/test_00508.png,술
./test/test_00509.png,식낭
./test/test_00510.png,대늙
./test/test_00511.png,주발
./test/test_00512.png,영
./test/test_00513.png,심물콩
./test/test_00514.png,많결꽤풀
./test/test_00515.png,김해본기곡
./test/test_00516.png,때
./test/test_00517.png,오스카주얼리
./test/test_00518.png,대일생내
./test/test_00519.png,악몽
./test/test_00520.png,합나스레이드
./test/test_00521.png,아름다운날
./test/test_00522.png,소아과
./test/test_00523.png,내과
./test/test_00524.png,체료홍생맥주전문점
./test/test_00525.png,생사랑어린이집
./test/test_00526.png,아름동물병원
./test/test_00527.png,삼
./test/test_00528.png,사지관
./test/test_00529.png,털
./test/test_00530.png,길성
./test/test_00531.png,가뻐덕운
./test/test_00532.png,경화업렉전
./test/test_00533.png,공간장식
./test/test_00534.png,청소년위랜센터
./test/test_00535.png,대전광역지
./test/test_00536.png,스스메로
./test/test_00537.png,제유명치
./test/test_00538.png,칸돈이
./test/test_00539.png,통제약국
./test/test_00540.png,대략극히칭
./test/test_00541.png,
./test/test_00542.png,인디안광고
./test/test_00543.png,보문산
./test/test_00544.png,호행
./test/test_00545.png,여행이
./test/test_00546.png,필요한
./test/test_00547.png,시간
./test/test_00548.png,북출
./test/test_00549.png,제방소
./test/test_00550.png,통계청
./test/test_00551.png,청주사무소
./test/test_00552.png,욕천분소
./test/test_00553.png,피아노조올
./test/test_00554.png,중교때입
./test/test_00555.png,월세
./test/test_00556.png,돼지왕갈비
./test/test_00557.png,양념소갈비
./test/test_00558.png,돼지오결살
./test/test_00559.png,청
./test/test_00560.png,종합순컵
./test/test_00561.png,구두
./test/test_00562.png,가방
./test/test_00563.png,정성올
./test/test_00564.png,다하켓습니다
./test/test_00565.png,포장전문
./test/test_00566.png,틀
./test/test_00567.png,항라육슬뒷밥
./test/test_00568.png,잔채뒷밥
./test/test_00569.png,야채볶음면
./test/test_00570.png,풀
./test/test_00571.png,철헬스
./test/test_00572.png,빼율되
./test/test_00573.png,뱀
./test/test_00574.png,어학연수
./test/test_00575.png,칼국수
./test/test_00576.png,돼지
./test/test_00577.png,사브사브
./test/test_00578.png,해월궁
./test/test_00579.png,사주
./test/test_00580.png,아팔
./test/test_00581.png,용두암
./test/test_00582.png,줄
./test/test_00583.png,그드
./test/test_00584.png,흡
./test/test_00585.png,한지공예
./test/test_00586.png,손프개전문
./test/test_00587.png,출
./test/test_00588.png,소와기
./test/test_00589.png,판매
./test/test_00590.png,
./test/test_00591.png,
./test/test_00592.png,아날로그주류상회
./test/test_00593.png,대포
./test/test_00594.png,리안
./test/test_00595.png,헤어
./test/test_00596.png,네
./test/test_00597.png,흙
./test/test_00598.png,운복
./test/test_00599.png,판
./test/test_00600.png,응색
./test/test_00601.png,저
./test/test_00602.png,로알
./test/test_00603.png,이장
./test/test_00604.png,스타구
./test/test_00605.png,일
./test/test_00606.png,해물짐
./test/test_00607.png,아구짐
./test/test_00608.png,항태탕
./test/test_00609.png,태겪양애물질
./test/test_00610.png,방제
./test/test_00611.png,리기루
./test/test_00612.png,전세
./test/test_00613.png,세월
./test/test_00614.png,매매
./test/test_00615.png,대임
./test/test_00616.png,대마사지
./test/test_00617.png,의우
./test/test_00618.png,흙
./test/test_00619.png,흙
./test/test_00620.png,
./test/test_00621.png,동성
./test/test_00622.png,제일통신
./test/test_00623.png,신금가입
./test/test_00624.png,향알류
./test/test_00625.png,일굉
./test/test_00626.png,골드
./test/test_00627.png,대국마사지
./test/test_00628.png,시간
./test/test_00629.png,어견교애
./test/test_00630.png,큰서트
./test/test_00631.png,헤어
./test/test_00632.png,근
./test/test_00633.png,개
./test/test_00634.png,맛지
./test/test_00635.png,맥주
./test/test_00636.png,돌촬
./test/test_00637.png,평스
./test/test_00638.png,노래
./test/test_00639.png,주점
./test/test_00640.png,꿀
./test/test_00641.png,커피
./test/test_00642.png,꿀
./test/test_00643.png,전국
./test/test_00644.png,닭박
./test/test_00645.png,공학원
./test/test_00646.png,보뺨정식
./test/test_00647.png,맛보기모틈
./test/test_00648.png,매운돼지껍질볶음
./test/test_00649.png,토종순대
./test/test_00650.png,머리고기
./test/test_00651.png,할매모틈
./test/test_00652.png,뼈감자탕
./test/test_00653.png,소내장철판볶음
./test/test_00654.png,매운돼지겹질볶음
./test/test_00655.png,머리고기
./test/test_00656.png,대몸
./test/test_00657.png,
./test/test_00658.png,꽃
./test/test_00659.png,대박의류
./test/test_00660.png,빌라
./test/test_00661.png,상가
./test/test_00662.png,월제
./test/test_00663.png,접텔
./test/test_00664.png,사무소
./test/test_00665.png,라이보
./test/test_00666.png,오아시스
./test/test_00667.png,유러피안레스토랑
./test/test_00668.png,악
./test/test_00669.png,지가
./test/test_00670.png,로레이
./test/test_00671.png,닭
./test/test_00672.png,곳헤어
./test/test_00673.png,흙
./test/test_00674.png,돌
./test/test_00675.png,동
./test/test_00676.png,쌀탑노래방
./test/test_00677.png,말
./test/test_00678.png,집
./test/test_00679.png,베틈쌀국
./test/test_00680.png,숨숲
./test/test_00681.png,장연
./test/test_00682.png,기신
./test/test_00683.png,주댁
./test/test_00684.png,원팀
./test/test_00685.png,렌설딩
./test/test_00686.png,호고
./test/test_00687.png,돌밥
./test/test_00688.png,건축상담
./test/test_00689.png,대푹
./test/test_00690.png,푹
./test/test_00691.png,월
./test/test_00692.png,뼈기
./test/test_00693.png,춘
./test/test_00694.png,동
./test/test_00695.png,강남역에문별
./test/test_00696.png,사진관
./test/test_00697.png,아사가
./test/test_00698.png,누국
./test/test_00699.png,응
./test/test_00700.png,루썹확싱
./test/test_00701.png,폐이스
./test/test_00702.png,다리전체
./test/test_00703.png,브라질리언
./test/test_00704.png,
./test/test_00705.png,탑트
./test/test_00706.png,팀
./test/test_00707.png,성산교회
./test/test_00708.png,뜻
./test/test_00709.png,력태
./test/test_00710.png,부톤
./test/test_00711.png,흙
./test/test_00712.png,위너스
./test/test_00713.png,왼말골물록
./test/test_00714.png,스튜디오
./test/test_00715.png,
./test/test_00716.png,푹
./test/test_00717.png,꼴출
./test/test_00718.png,
./test/test_00719.png,루언디
./test/test_00720.png,지금
./test/test_00721.png,얇
./test/test_00722.png,설치
./test/test_00723.png,철술
./test/test_00724.png,팬
./test/test_00725.png,출살
./test/test_00726.png,꽤다
./test/test_00727.png,겉절류
./test/test_00728.png,토니
./test/test_00729.png,푹
./test/test_00730.png,뜻
./test/test_00731.png,금수저
./test/test_00732.png,점심
./test/test_00733.png,
./test/test_00734.png,친햇
./test/test_00735.png,친구
./test/test_00736.png,물
./test/test_00737.png,임대
./test/test_00738.png,통
./test/test_00739.png,꿀필연올영
./test/test_00740.png,현월
./test/test_00741.png,흙혜털
./test/test_00742.png,꿀
./test/test_00743.png,미
./test/test_00744.png,뺨
./test/test_00745.png,수
./test/test_00746.png,흙인
./test/test_00747.png,문제
./test/test_00748.png,풍기
./test/test_00749.png,인견
./test/test_00750.png,만도
./test/test_00751.png,카센타
./test/test_00752.png,통
./test/test_00753.png,
./test/test_00754.png,올
./test/test_00755.png,특별
./test/test_00756.png,관
./test/test_00757.png,꽃
./test/test_00758.png,복권
./test/test_00759.png,판매점
./test/test_00760.png,중국비자
./test/test_00761.png,체류상담
./test/test_00762.png,절판고추장삼견
./test/test_00763.png,라별
./test/test_00764.png,라스
./test/test_00765.png,동부센트발
./test/test_00766.png,사크
./test/test_00767.png,대
./test/test_00768.png,떼레노
./test/test_00769.png,고향
./test/test_00770.png,다방
./test/test_00771.png,하
./test/test_00772.png,다방
./test/test_00773.png,늘
./test/test_00774.png,한자
./test/test_00775.png,
./test/test_00776.png,대
./test/test_00777.png,타이
./test/test_00778.png,아로마
./test/test_00779.png,세익
./test/test_00780.png,대램메
./test/test_00781.png,움생각
./test/test_00782.png,마스터
./test/test_00783.png,학숫
./test/test_00784.png,작
./test/test_00785.png,질
./test/test_00786.png,부동산
./test/test_00787.png,리대림
./test/test_00788.png,다리팬
./test/test_00789.png,춤
./test/test_00790.png,
./test/test_00791.png,축맘
./test/test_00792.png,빨래빚
./test/test_00793.png,출
./test/test_00794.png,분톤
./test/test_00795.png,잎제
./test/test_00796.png,찌들
./test/test_00797.png,생와
./test/test_00798.png,식당
./test/test_00799.png,그다
./test/test_00800.png,닭반
./test/test_00801.png,쏟모
./test/test_00802.png,움
./test/test_00803.png,
./test/test_00804.png,저눈스
./test/test_00805.png,너군
./test/test_00806.png,문화센터
./test/test_00807.png,요행이
./test/test_00808.png,다묵절
./test/test_00809.png,선주
./test/test_00810.png,세
./test/test_00811.png,끈진
./test/test_00812.png,정
./test/test_00813.png,달빛
./test/test_00814.png,
./test/test_00815.png,삼춤네
./test/test_00816.png,영성원
./test/test_00817.png,표한
./test/test_00818.png,흙실
./test/test_00819.png,차
./test/test_00820.png,나손
./test/test_00821.png,담토
./test/test_00822.png,회끼
./test/test_00823.png,조립식
./test/test_00824.png,팬선
./test/test_00825.png,북
./test/test_00826.png,돌들이레
./test/test_00827.png,스가이
./test/test_00828.png,수능마스터
./test/test_00829.png,학원
./test/test_00830.png,룻데아올켓
./test/test_00831.png,고양터미널점
./test/test_00832.png,중총내기
./test/test_00833.png,부여
./test/test_00834.png,
./test/test_00835.png,일마
./test/test_00836.png,로요또문방
./test/test_00837.png,항후
./test/test_00838.png,은끈방
./test/test_00839.png,투빚임엔씨
./test/test_00840.png,정일적산
./test/test_00841.png,무학영어
./test/test_00842.png,학원
./test/test_00843.png,애드컵바인
./test/test_00844.png,이가자
./test/test_00845.png,다방
./test/test_00846.png,틈
./test/test_00847.png,꽃산
./test/test_00848.png,현씬노래예습집
./test/test_00849.png,에프임성모의원
./test/test_00850.png,치즈타르트전문점
./test/test_00851.png,표전중식전문점
./test/test_00852.png,소공창
./test/test_00853.png,이어아이학원
./test/test_00854.png,나운래축
./test/test_00855.png,논연볼쇠이무용학원
./test/test_00856.png,핸드드럽커피
./test/test_00857.png,가비
./test/test_00858.png,커피볶논집
./test/test_00859.png,현지
./test/test_00860.png,리비터
./test/test_00861.png,목살구이
./test/test_00862.png,술
./test/test_00863.png,수학학원
./test/test_00864.png,아나민슈가랑악싱
./test/test_00865.png,손지식
./test/test_00866.png,의원
./test/test_00867.png,호품기내과
./test/test_00868.png,주신기획
./test/test_00869.png,브로드위
./test/test_00870.png,여하원
./test/test_00871.png,스무디언
./test/test_00872.png,브런치카페
./test/test_00873.png,아보카도명령비심
./test/test_00874.png,로제함박
./test/test_00875.png,수제함박실러드
./test/test_00876.png,다향연
./test/test_00877.png,음향
./test/test_00878.png,문구
./test/test_00879.png,비데
./test/test_00880.png,조명
./test/test_00881.png,애드닥터
./test/test_00882.png,식당
./test/test_00883.png,그리미
./test/test_00884.png,원드오레스트라
./test/test_00885.png,피아노보다더
./test/test_00886.png,디지털피
./test/test_00887.png,광주
./test/test_00888.png,최대
./test/test_00889.png,한일전자
./test/test_00890.png,한결교페
./test/test_00891.png,귀금속
./test/test_00892.png,우진대크
./test/test_00893.png,제이서포트
./test/test_00894.png,주
./test/test_00895.png,에스테틱
./test/test_00896.png,고운
./test/test_00897.png,안성정보기술
./test/test_00898.png,목재건반
./test/test_00899.png,탑재
./test/test_00900.png,명신
./test/test_00901.png,커피늄
./test/test_00902.png,목재건반
./test/test_00903.png,이지하우스인천논현점
./test/test_00904.png,엔레이글로벌
./test/test_00905.png,주
./test/test_00906.png,귀구이루
./test/test_00907.png,테이크
./test/test_00908.png,인자지
./test/test_00909.png,무정전전원장치
./test/test_00910.png,해집기기
./test/test_00911.png,리비터
./test/test_00912.png,스컬러호러소설
./test/test_00913.png,합사덧이비인후과
./test/test_00914.png,캠브리지국제공인평가
./test/test_00915.png,인종기관
./test/test_00916.png,진출발
./test/test_00917.png,보쌍
./test/test_00918.png,일본소설
./test/test_00919.png,욕상
./test/test_00920.png,주차장
./test/test_00921.png,올소플란트
./test/test_00922.png,치과
./test/test_00923.png,연극영화예술
./test/test_00924.png,아름다운
./test/test_00925.png,낙
./test/test_00926.png,재테크
./test/test_00927.png,행복론
./test/test_00928.png,국제시장
./test/test_00929.png,미취
./test/test_00930.png,중비
./test/test_00931.png,중고
./test/test_00932.png,명품
./test/test_00933.png,에이스
./test/test_00934.png,당구클럽
./test/test_00935.png,챔터뷰
./test/test_00936.png,서면쪽은사람안과
./test/test_00937.png,노안백내장
./test/test_00938.png,스마일라식
./test/test_00939.png,소풍
./test/test_00940.png,경인문고
./test/test_00941.png,매드포갈리
./test/test_00942.png,꿈스호두
./test/test_00943.png,
./test/test_00944.png,부체이화약물
./test/test_00945.png,고기대륙령도
./test/test_00946.png,교양과학
./test/test_00947.png,스타버스
./test/test_00948.png,자양이마트점
./test/test_00949.png,정치학
./test/test_00950.png,소설
./test/test_00951.png,미주
./test/test_00952.png,유렵여행
./test/test_00953.png,북장
./test/test_00954.png,김치찌개전문점
./test/test_00955.png,한국에세이
./test/test_00956.png,청소년
./test/test_00957.png,문학
./test/test_00958.png,초중고학습서
./test/test_00959.png,층
./test/test_00960.png,부과피
./test/test_00961.png,동화
./test/test_00962.png,사계절한거레
./test/test_00963.png,자기계발
./test/test_00964.png,편
./test/test_00965.png,용품
./test/test_00966.png,유통
./test/test_00967.png,물류
./test/test_00968.png,동아상영이데
./test/test_00969.png,수입신발
./test/test_00970.png,전자닫다
./test/test_00971.png,코코보도
./test/test_00972.png,전기전자수험서
./test/test_00973.png,해외여행
./test/test_00974.png,출판사순
./test/test_00975.png,자당
./test/test_00976.png,참살파배기
./test/test_00977.png,과자점
./test/test_00978.png,건축기사
./test/test_00979.png,파위포인트
./test/test_00980.png,교양과학
./test/test_00981.png,중학국어
./test/test_00982.png,영어
./test/test_00983.png,주식회사미음
./test/test_00984.png,쇼유
./test/test_00985.png,가
./test/test_00986.png,휴대용비상조명등
./test/test_00987.png,부동산
./test/test_00988.png,제일
./test/test_00989.png,비타민
./test/test_00990.png,영양제
./test/test_00991.png,리더스텍
./test/test_00992.png,수정
./test/test_00993.png,물산
./test/test_00994.png,포비타위
./test/test_00995.png,주차장
./test/test_00996.png,건축
./test/test_00997.png,백상
./test/test_00998.png,주
./test/test_00999.png,불루넷터크놀러지
./test/test_01000.png,용안내
./test/test_01001.png,파김패스
./test/test_01002.png,신용카드전용
./test/test_01003.png,지하도상가온라인
./test/test_01004.png,쇼핑올스튜디오
./test/test_01005.png,부산시설공단
./test/test_01006.png,년무엇이든
./test/test_01007.png,월수있어
./test/test_01008.png,아이피일
./test/test_01009.png,주
./test/test_01010.png,애완동물
./test/test_01011.png,출입금지
./test/test_01012.png,비밀번호
./test/test_01013.png,비밀번호
./test/test_01014.png,플림에
./test/test_01015.png,보험계리법인
./test/test_01016.png,지아컨설팅
./test/test_01017.png,편안한
./test/test_01018.png,약국
./test/test_01019.png,덕이수산
./test/test_01020.png,전문점해산물
./test/test_01021.png,택이네조개전골
./test/test_01022.png,돈가스전문점
./test/test_01023.png,커리전문점
./test/test_01024.png,커리전문점
./test/test_01025.png,기
./test/test_01026.png,프레즐전문점
./test/test_01027.png,커리전문점
./test/test_01028.png,곁들이
./test/test_01029.png,술
./test/test_01030.png,신소재
./test/test_01031.png,상주리
./test/test_01032.png,온라인신청
./test/test_01033.png,높크무
./test/test_01034.png,네일리프트
./test/test_01035.png,영재뇌훈련
./test/test_01036.png,학습기억력
./test/test_01037.png,커피경력
./test/test_01038.png,지정한
./test/test_01039.png,기계실
./test/test_01040.png,명품우동
./test/test_01041.png,최다물량
./test/test_01042.png,모자치표
./test/test_01043.png,카카오입스
./test/test_01044.png,채소
./test/test_01045.png,계란
./test/test_01046.png,키진니
./test/test_01047.png,휴타이마사지
./test/test_01048.png,본장
./test/test_01049.png,도어컬러
./test/test_01050.png,슬홀칭
./test/test_01051.png,뉴데이
./test/test_01052.png,라이프리플라이너
./test/test_01053.png,노불양
./test/test_01054.png,파엔팬
./test/test_01055.png,속옷정리함
./test/test_01056.png,타체험존
./test/test_01057.png,오가니토
./test/test_01058.png,오가느
./test/test_01059.png,베드기어
./test/test_01060.png,최강달인
./test/test_01061.png,비둘
./test/test_01062.png,대문파
./test/test_01063.png,디사이플교회
./test/test_01064.png,성씨네
./test/test_01065.png,서흐네
./test/test_01066.png,왕관피딴
./test/test_01067.png,산모도우미
./test/test_01068.png,나로신
./test/test_01069.png,정양
./test/test_01070.png,원조
./test/test_01071.png,곱창
./test/test_01072.png,피부과
./test/test_01073.png,수맨
./test/test_01074.png,진료과목
./test/test_01075.png,중앙속옷
./test/test_01076.png,한양수산
./test/test_01077.png,밥맛좋은쌀
./test/test_01078.png,각
./test/test_01079.png,백언미의원
./test/test_01080.png,서울불트
./test/test_01081.png,가야소리가야금
./test/test_01082.png,보람디자
./test/test_01083.png,제주
./test/test_01084.png,차암
./test/test_01085.png,날지
./test/test_01086.png,아무
./test/test_01087.png,
./test/test_01088.png,들도
./test/test_01089.png,나
./test/test_01090.png,동보사
./test/test_01091.png,간
./test/test_01092.png,햇미가
./test/test_01093.png,우리수선
./test/test_01094.png,내과
./test/test_01095.png,이비인후
./test/test_01096.png,알레로
./test/test_01097.png,주나
./test/test_01098.png,질환
./test/test_01099.png,스일
./test/test_01100.png,맑은성모
./test/test_01101.png,이비인후과
./test/test_01102.png,닥터프리벤
./test/test_01103.png,다란속밥
./test/test_01104.png,매장에서직접주문
./test/test_01105.png,닮물용실
./test/test_01106.png,아시안미선
./test/test_01107.png,순남시래기
./test/test_01108.png,원서물치과
./test/test_01109.png,세미디자인
./test/test_01110.png,평택시외식업지부
./test/test_01111.png,고스트개
./test/test_01112.png,슬
./test/test_01113.png,방
./test/test_01114.png,동작지역서고
./test/test_01115.png,농산물저장고
./test/test_01116.png,동작한의원
./test/test_01117.png,당구한게임
./test/test_01118.png,도장리이터고무인
./test/test_01119.png,정범원다
./test/test_01120.png,한마음이비인후과
./test/test_01121.png,검사실은
./test/test_01122.png,층에있습니다
./test/test_01123.png,연정에스테틱
./test/test_01124.png,전화문의
./test/test_01125.png,삼우보세장지장
./test/test_01126.png,다산인모텍
./test/test_01127.png,자연공간
./test/test_01128.png,키온넷
./test/test_01129.png,대신티엔에스
./test/test_01130.png,에스엔소프트
./test/test_01131.png,잘판다
./test/test_01132.png,디에이전미
./test/test_01133.png,고베소
./test/test_01134.png,종건숙사
./test/test_01135.png,이종치과한
./test/test_01136.png,뿌리깊은
./test/test_01137.png,한의원
./test/test_01138.png,꽃담
./test/test_01139.png,튜디오
./test/test_01140.png,노래연습장
./test/test_01141.png,숨
./test/test_01142.png,제이제이바
./test/test_01143.png,해듣창
./test/test_01144.png,스텔
./test/test_01145.png,새
./test/test_01146.png,타로정
./test/test_01147.png,신협
./test/test_01148.png,탁구장
./test/test_01149.png,연세국어논술학원
./test/test_01150.png,미리영어학원
./test/test_01151.png,도이웨
./test/test_01152.png,다사
./test/test_01153.png,취업지원센터
./test/test_01154.png,트레비
./test/test_01155.png,보철
./test/test_01156.png,여행사
./test/test_01157.png,프
./test/test_01158.png,올념편
./test/test_01159.png,용요
./test/test_01160.png,골드타이스파
./test/test_01161.png,제일약국
./test/test_01162.png,피홀로빠체
./test/test_01163.png,오늘
./test/test_01164.png,그림한장
./test/test_01165.png,드로임카페
./test/test_01166.png,마스터에이치
./test/test_01167.png,분티토등산
./test/test_01168.png,김호증모
./test/test_01169.png,가발
./test/test_01170.png,아름다운
./test/test_01171.png,기공소
./test/test_01172.png,토마스엉글리시
./test/test_01173.png,국제외이즈템
./test/test_01174.png,진주속석클럽
./test/test_01175.png,로타리
./test/test_01176.png,기회의문
./test/test_01177.png,오프랜드
./test/test_01178.png,내추럽볶티
./test/test_01179.png,활소공창
./test/test_01180.png,삼구
./test/test_01181.png,물렉최금
./test/test_01182.png,베스트문구
./test/test_01183.png,포보스
./test/test_01184.png,오이시이
./test/test_01185.png,일본어학원
./test/test_01186.png,맛있는일본어전문학원
./test/test_01187.png,남지빌딩
./test/test_01188.png,굉당보드카페
./test/test_01189.png,경기이동노동자
./test/test_01190.png,수원심터
./test/test_01191.png,따맛공방
./test/test_01192.png,태광에스템
./test/test_01193.png,배곧스타불림장
./test/test_01194.png,연중
./test/test_01195.png,나르사당구클럽
./test/test_01196.png,새름당구장
./test/test_01197.png,한국해양조사현회
./test/test_01198.png,올더플레이트
./test/test_01199.png,중화가정
./test/test_01200.png,필브리지
./test/test_01201.png,생트라인터내서널
./test/test_01202.png,테이언디시스템
./test/test_01203.png,한식부페배곧한라식당
./test/test_01204.png,본름한의원
./test/test_01205.png,력
./test/test_01206.png,문물
./test/test_01207.png,켜틀벌
./test/test_01208.png,복성
./test/test_01209.png,원당정형의과의원
./test/test_01210.png,마사지
./test/test_01211.png,우리안과
./test/test_01212.png,허브다이어트
./test/test_01213.png,내인생건강
./test/test_01214.png,다이어트
./test/test_01215.png,아리아스
./test/test_01216.png,헤어
./test/test_01217.png,대금정악연구소
./test/test_01218.png,김선영
./test/test_01219.png,미용
./test/test_01220.png,연두약국
./test/test_01221.png,바비스템켜어
./test/test_01222.png,하나은행
./test/test_01223.png,하나은행
./test/test_01224.png,물장구노래방
./test/test_01225.png,제니퍼헤어
./test/test_01226.png,바른중개부동산경매
./test/test_01227.png,약손수기센터
./test/test_01228.png,노래
./test/test_01229.png,불루망데이
./test/test_01230.png,열
./test/test_01231.png,사의원
./test/test_01232.png,시모든
./test/test_01233.png,프리미업명품
./test/test_01234.png,켜어산
./test/test_01235.png,권어브
./test/test_01236.png,노래방
./test/test_01237.png,지하
./test/test_01238.png,전속중개전문
./test/test_01239.png,그닭발
./test/test_01240.png,고기원칙
./test/test_01241.png,켜어슬루선
./test/test_01242.png,스타마하
./test/test_01243.png,예술학원
./test/test_01244.png,나이스
./test/test_01245.png,노래방
./test/test_01246.png,당구회관
./test/test_01247.png,해리
./test/test_01248.png,거가
./test/test_01249.png,나라
./test/test_01250.png,다목적강당
./test/test_01251.png,트시신시
./test/test_01252.png,칭타이맛사지
./test/test_01253.png,사회복지
./test/test_01254.png,설탕
./test/test_01255.png,노래방
./test/test_01256.png,센트럭이비인후과
./test/test_01257.png,층
./test/test_01258.png,홍스가발
./test/test_01259.png,나
./test/test_01260.png,분륭
./test/test_01261.png,업프로그래망
./test/test_01262.png,
./test/test_01263.png,노다당
./test/test_01264.png,입구
./test/test_01265.png,시리즈
./test/test_01266.png,문화
./test/test_01267.png,동시
./test/test_01268.png,직업
./test/test_01269.png,취미
./test/test_01270.png,예술
./test/test_01271.png,마이송보철
./test/test_01272.png,으년고호
./test/test_01273.png,주리소설
./test/test_01274.png,드르시헤어
./test/test_01275.png,밀레오레커피
./test/test_01276.png,호프
./test/test_01277.png,연계버스안내
./test/test_01278.png,인문교양시리즈
./test/test_01279.png,컬러시스터
./test/test_01280.png,당문
./test/test_01281.png,유럽
./test/test_01282.png,운동
./test/test_01283.png,의학센
./test/test_01284.png,터
./test/test_01285.png,보보스
./test/test_01286.png,헤어산
./test/test_01287.png,반신트
./test/test_01288.png,성형외과
./test/test_01289.png,김진홍
./test/test_01290.png,색소존음악학원
./test/test_01291.png,지산
./test/test_01292.png,한의원
./test/test_01293.png,층
./test/test_01294.png,국악진흥회
./test/test_01295.png,원당감자당
./test/test_01296.png,씨엔텍
./test/test_01297.png,계통정밀
./test/test_01298.png,코아이비인후과
./test/test_01299.png,운영
./test/test_01300.png,열린약국
./test/test_01301.png,네오택
./test/test_01302.png,주
./test/test_01303.png,레티아
./test/test_01304.png,주
./test/test_01305.png,디알테크아이언씨
./test/test_01306.png,코아트슬루선
./test/test_01307.png,패스트포드
./test/test_01308.png,아르데
./test/test_01309.png,주
./test/test_01310.png,세원아이엔씨
./test/test_01311.png,행광채
./test/test_01312.png,제일다방
./test/test_01313.png,향롭입
./test/test_01314.png,출농증
./test/test_01315.png,적극적행위
./test/test_01316.png,판매개시
./test/test_01317.png,제일제당
./test/test_01318.png,푸드빌
./test/test_01319.png,올리브네트스
./test/test_01320.png,프레시웨이
./test/test_01321.png,타임즈
./test/test_01322.png,스시하이
./test/test_01323.png,애완용품
./test/test_01324.png,만홍빌딩
./test/test_01325.png,양부동
./test/test_01326.png,백욕생
./test/test_01327.png,실버답스
./test/test_01328.png,스포츠답스
./test/test_01329.png,대출
./test/test_01330.png,출자
./test/test_01331.png,예
./test/test_01332.png,보
./test/test_01333.png,예방접종
./test/test_01334.png,로데부
./test/test_01335.png,주
./test/test_01336.png,만족올드리논상담
./test/test_01337.png,쓸라
./test/test_01338.png,부자부동산
./test/test_01339.png,구역별
./test/test_01340.png,얼음왕국
./test/test_01341.png,세분일레분
./test/test_01342.png,세사리방
./test/test_01343.png,팩로리안경
./test/test_01344.png,음향
./test/test_01345.png,서울성모
./test/test_01346.png,다경의
./test/test_01347.png,가우스수학
./test/test_01348.png,아소부
./test/test_01349.png,마트전용
./test/test_01350.png,아트유지업
./test/test_01351.png,짚라인
./test/test_01352.png,방화서터
./test/test_01353.png,골프존파크
./test/test_01354.png,라시
./test/test_01355.png,웨이
./test/test_01356.png,스탑
./test/test_01357.png,티엔터
./test/test_01358.png,학원
./test/test_01359.png,세중온유교회
./test/test_01360.png,수다움
./test/test_01361.png,그대개미
./test/test_01362.png,대영개발
./test/test_01363.png,두끼
./test/test_01364.png,해리포터
./test/test_01365.png,나무현
./test/test_01366.png,사랑소아청소년과의원
./test/test_01367.png,바이러스
./test/test_01368.png,안심매장
./test/test_01369.png,권택트레즈
./test/test_01370.png,예약환자
./test/test_01371.png,미끄럼주의
./test/test_01372.png,나시
./test/test_01373.png,시술하는아구아실
./test/test_01374.png,리우키친
./test/test_01375.png,동월의약품
./test/test_01376.png,취립약월
./test/test_01377.png,구키라데
./test/test_01378.png,복숨아요거스무디
./test/test_01379.png,아때랑스
./test/test_01380.png,역곡
./test/test_01381.png,사
./test/test_01382.png,흙
./test/test_01383.png,불출무르꽃집
./test/test_01384.png,나늄약국
./test/test_01385.png,예약제
./test/test_01386.png,사전예약필수
./test/test_01387.png,주의미끄럼
./test/test_01388.png,파라슬
./test/test_01389.png,오른할따가
./test/test_01390.png,제말마다
./test/test_01391.png,대표원장
./test/test_01392.png,성형외과전문의
./test/test_01393.png,정철
./test/test_01394.png,김해
./test/test_01395.png,방면
./test/test_01396.png,버스타는곳
./test/test_01397.png,주거래처
./test/test_01398.png,석치과
./test/test_01399.png,스
./test/test_01400.png,
./test/test_01401.png,스폐이스
./test/test_01402.png,축
./test/test_01403.png,합니다
./test/test_01404.png,보과술근
./test/test_01405.png,동일주차장
./test/test_01406.png,고함번물쎄트
./test/test_01407.png,이바지
./test/test_01408.png,한우런물
./test/test_01409.png,장녕군
./test/test_01410.png,다국
./test/test_01411.png,직방
./test/test_01412.png,잇다안심올
./test/test_01413.png,네일
./test/test_01414.png,지
./test/test_01415.png,데이
./test/test_01416.png,자연약국
./test/test_01417.png,물
./test/test_01418.png,주
./test/test_01419.png,지하
./test/test_01420.png,일성
./test/test_01421.png,주차장
./test/test_01422.png,건강하
./test/test_01423.png,한기
./test/test_01424.png,최저가숙박은
./test/test_01425.png,아늘자
./test/test_01426.png,햄엔치즈
./test/test_01427.png,프렌치토스트
./test/test_01428.png,인절미방수
./test/test_01429.png,탤소
./test/test_01430.png,톱음
./test/test_01431.png,톤사스미
./test/test_01432.png,파문따파
./test/test_01433.png,수련안내
./test/test_01434.png,김치찌개
./test/test_01435.png,
./test/test_01436.png,여의로복지관
./test/test_01437.png,
./test/test_01438.png,생
./test/test_01439.png,영
./test/test_01440.png,유료
./test/test_01441.png,한국주차장
./test/test_01442.png,숲
./test/test_01443.png,판때
./test/test_01444.png,주출입구
./test/test_01445.png,숲
./test/test_01446.png,모로레
./test/test_01447.png,골멩이
./test/test_01448.png,태영
./test/test_01449.png,호
./test/test_01450.png,금
./test/test_01451.png,잡니다
./test/test_01452.png,혹
./test/test_01453.png,처지
./test/test_01454.png,흙
./test/test_01455.png,한우소머리
./test/test_01456.png,국밥집
./test/test_01457.png,컷인철헤어
./test/test_01458.png,한우소머리
./test/test_01459.png,국밥집
./test/test_01460.png,주장
./test/test_01461.png,나거푹
./test/test_01462.png,테진아
./test/test_01463.png,와
./test/test_01464.png,유리
./test/test_01465.png,표구
./test/test_01466.png,액자
./test/test_01467.png,특
./test/test_01468.png,
./test/test_01469.png,연경사
./test/test_01470.png,노웬
./test/test_01471.png,올
./test/test_01472.png,임예주
./test/test_01473.png,
./test/test_01474.png,오당당
./test/test_01475.png,
./test/test_01476.png,박볼
./test/test_01477.png,커피한잔
./test/test_01478.png,하고
./test/test_01479.png,가실래오
./test/test_01480.png,저온숙성
./test/test_01481.png,생맥주
./test/test_01482.png,휴
./test/test_01483.png,름
./test/test_01484.png,헌번
./test/test_01485.png,스타일
./test/test_01486.png,장기주차금지
./test/test_01487.png,행랑채전용주차장
./test/test_01488.png,요자고개
./test/test_01489.png,백
./test/test_01490.png,대다
./test/test_01491.png,수제
./test/test_01492.png,떡볶이
./test/test_01493.png,가족통신
./test/test_01494.png,가족통신
./test/test_01495.png,영광텔레금
./test/test_01496.png,남자자연눈썹
./test/test_01497.png,예분입술
./test/test_01498.png,삼성조명
./test/test_01499.png,봉사부주요메뉴
./test/test_01500.png,북목사
./test/test_01501.png,허리롬증
./test/test_01502.png,발저림
./test/test_01503.png,올민원
./test/test_01504.png,새
./test/test_01505.png,집수리
./test/test_01506.png,이스트
./test/test_01507.png,당구장
./test/test_01508.png,원영철학관
./test/test_01509.png,조애리
./test/test_01510.png,과일나라
./test/test_01511.png,도연
./test/test_01512.png,
./test/test_01513.png,행골은
./test/test_01514.png,사
./test/test_01515.png,살니다
./test/test_01516.png,더카럽스
./test/test_01517.png,아이데코안경
./test/test_01518.png,신갈동
./test/test_01519.png,농서동
./test/test_01520.png,오여사
./test/test_01521.png,색
./test/test_01522.png,크림카스테라우유
./test/test_01523.png,메코
./test/test_01524.png,임금님
./test/test_01525.png,수탓상
./test/test_01526.png,보호구틀착용해주세요
./test/test_01527.png,
./test/test_01528.png,과
./test/test_01529.png,알러지켜어
./test/test_01530.png,굳아이스크림
./test/test_01531.png,주주바
./test/test_01532.png,제청수
./test/test_01533.png,완전망고
./test/test_01534.png,사추가
./test/test_01535.png,타피오카필
./test/test_01536.png,레온
./test/test_01537.png,달고나커피
./test/test_01538.png,다근
./test/test_01539.png,상판과
./test/test_01540.png,테이블올
./test/test_01541.png,리바트의
./test/test_01542.png,규격의
./test/test_01543.png,용
./test/test_01544.png,정직한
./test/test_01545.png,철판요리달인
./test/test_01546.png,태불리스
./test/test_01547.png,황영
./test/test_01548.png,화식
./test/test_01549.png,우리메디걸의원
./test/test_01550.png,십리향
./test/test_01551.png,즈
./test/test_01552.png,다이어트
./test/test_01553.png,세종
./test/test_01554.png,튼튼
./test/test_01555.png,치과
./test/test_01556.png,에뉴아트미술학원
./test/test_01557.png,수나로이
./test/test_01558.png,숙달꽤지
./test/test_01559.png,조이타위
./test/test_01560.png,이군
./test/test_01561.png,포자
./test/test_01562.png,헤어떠아모
./test/test_01563.png,이루다
./test/test_01564.png,소학
./test/test_01565.png,학원
./test/test_01566.png,무기놀한
./test/test_01567.png,뒷미루
./test/test_01568.png,의야
./test/test_01569.png,합상오구터
./test/test_01570.png,새름
./test/test_01571.png,발간오당
./test/test_01572.png,싱싱밥사
./test/test_01573.png,동전
./test/test_01574.png,노래연습장
./test/test_01575.png,빨간구두
./test/test_01576.png,달곰별
./test/test_01577.png,
./test/test_01578.png,끝
./test/test_01579.png,행밀크운
./test/test_01580.png,콩알
./test/test_01581.png,펼리스
./test/test_01582.png,언니네마카콩
./test/test_01583.png,자매당
./test/test_01584.png,오늘두
./test/test_01585.png,오비스빌
./test/test_01586.png,중행
./test/test_01587.png,오향쪽발
./test/test_01588.png,헤어무
./test/test_01589.png,부엉
./test/test_01590.png,늘바무스
./test/test_01591.png,아이니네일
./test/test_01592.png,떼지
./test/test_01593.png,명태달림
./test/test_01594.png,사트선
./test/test_01595.png,
./test/test_01596.png,다온
./test/test_01597.png,헤
./test/test_01598.png,초경의거리
./test/test_01599.png,포켓
./test/test_01600.png,감공
./test/test_01601.png,첫눈
./test/test_01602.png,호신술
./test/test_01603.png,농
./test/test_01604.png,도중
./test/test_01605.png,다
./test/test_01606.png,커피미각
./test/test_01607.png,군
./test/test_01608.png,눈썹올달다
./test/test_01609.png,
./test/test_01610.png,하림
./test/test_01611.png,영품순두부
./test/test_01612.png,학종
./test/test_01613.png,식당
./test/test_01614.png,봉시
./test/test_01615.png,칠렁
./test/test_01616.png,무도
./test/test_01617.png,출추러가늘
./test/test_01618.png,닥
./test/test_01619.png,
./test/test_01620.png,보가녀스리
./test/test_01621.png,허영
./test/test_01622.png,올인
./test/test_01623.png,쥐입
./test/test_01624.png,화살나무
./test/test_01625.png,노박당물과
./test/test_01626.png,비추비
./test/test_01627.png,백합과
./test/test_01628.png,잇즈리엌
./test/test_01629.png,리엌리드
./test/test_01630.png,갈현
./test/test_01631.png,미미아파트
./test/test_01632.png,프리미언
./test/test_01633.png,뉴다신치
./test/test_01634.png,용실
./test/test_01635.png,우다라
./test/test_01636.png,여권중명가주사진
./test/test_01637.png,스물성
./test/test_01638.png,가마손국밥
./test/test_01639.png,무지개
./test/test_01640.png,고래
./test/test_01641.png,프로비년스
./test/test_01642.png,국편
./test/test_01643.png,저
./test/test_01644.png,
./test/test_01645.png,
./test/test_01646.png,모볼터
./test/test_01647.png,북술
./test/test_01648.png,제빵소
./test/test_01649.png,세미나실
./test/test_01650.png,비설치
./test/test_01651.png,말쭉이
./test/test_01652.png,호떡
./test/test_01653.png,
./test/test_01654.png,흑돼지화덕구이
./test/test_01655.png,세미나실
./test/test_01656.png,범프로적트
./test/test_01657.png,감자바우
./test/test_01658.png,송림
./test/test_01659.png,부통산
./test/test_01660.png,대창
./test/test_01661.png,닭볶음탕
./test/test_01662.png,막국수
./test/test_01663.png,가나설비
./test/test_01664.png,띄볶이크리
./test/test_01665.png,골프
./test/test_01666.png,홍성점
./test/test_01667.png,새니헤어야
./test/test_01668.png,웨딩
./test/test_01669.png,관리
./test/test_01670.png,미술
./test/test_01671.png,학원
./test/test_01672.png,유경로지스
./test/test_01673.png,주
./test/test_01674.png,지음
./test/test_01675.png,한의원
./test/test_01676.png,독
./test/test_01677.png,서
./test/test_01678.png,실
./test/test_01679.png,뉴
./test/test_01680.png,에
./test/test_01681.png,바다
./test/test_01682.png,광주
./test/test_01683.png,에어크런존
./test/test_01684.png,사회적협동조합
./test/test_01685.png,골드
./test/test_01686.png,엔
./test/test_01687.png,소업실
./test/test_01688.png,국품관영
./test/test_01689.png,구름
./test/test_01690.png,빵
./test/test_01691.png,집
./test/test_01692.png,조명
./test/test_01693.png,경관조명
./test/test_01694.png,평때뜯
./test/test_01695.png,다
./test/test_01696.png,꼴
./test/test_01697.png,와와
./test/test_01698.png,학원
./test/test_01699.png,학습코칭
./test/test_01700.png,빗훈
./test/test_01701.png,수학
./test/test_01702.png,떡만두국
./test/test_01703.png,씨티
./test/test_01704.png,부
./test/test_01705.png,동산
./test/test_01706.png,뉴욕발레아트센타
./test/test_01707.png,복지용구
./test/test_01708.png,차장
./test/test_01709.png,주
./test/test_01710.png,한생
./test/test_01711.png,미의출발
./test/test_01712.png,아름삼
./test/test_01713.png,발갑코기리
./test/test_01714.png,리프팅팩
./test/test_01715.png,속눈씩연장
./test/test_01716.png,성실
./test/test_01717.png,책임중개
./test/test_01718.png,매주일요일휴무
./test/test_01719.png,명품복원
./test/test_01720.png,밑창보강
./test/test_01721.png,거실장
./test/test_01722.png,테
./test/test_01723.png,스
./test/test_01724.png,팀나이
./test/test_01725.png,동경
./test/test_01726.png,귀뚱라미
./test/test_01727.png,고정문
./test/test_01728.png,냉난방기
./test/test_01729.png,성경개발
./test/test_01730.png,홍삼중
./test/test_01731.png,농현홍삼
./test/test_01732.png,송도약국
./test/test_01733.png,나누리대리점
./test/test_01734.png,목
./test/test_01735.png,조적
./test/test_01736.png,백반전문점
./test/test_01737.png,똑배기불고기
./test/test_01738.png,기능성속옷
./test/test_01739.png,분양권
./test/test_01740.png,신장질환
./test/test_01741.png,요금수님
./test/test_01742.png,전기종
./test/test_01743.png,불백
./test/test_01744.png,열무비범밥
./test/test_01745.png,빨강냉면
./test/test_01746.png,왕갈비탕
./test/test_01747.png,친절상담
./test/test_01748.png,매페락요자
./test/test_01749.png,두도명태집
./test/test_01750.png,
./test/test_01751.png,
./test/test_01752.png,순대
./test/test_01753.png,
./test/test_01754.png,대
./test/test_01755.png,기능경기
./test/test_01756.png,지메블
./test/test_01757.png,해장국
./test/test_01758.png,화칠나무백숙
./test/test_01759.png,염나무버숙
./test/test_01760.png,위생
./test/test_01761.png,친절
./test/test_01762.png,감자탕
./test/test_01763.png,뼈해장국
./test/test_01764.png,최고체육관
./test/test_01765.png,직복배
./test/test_01766.png,무에타이
./test/test_01767.png,카페라떼
./test/test_01768.png,원
./test/test_01769.png,당
./test/test_01770.png,구
./test/test_01771.png,장
./test/test_01772.png,불렉그레이즈드라떼
./test/test_01773.png,원
./test/test_01774.png,레책에이드
./test/test_01775.png,네일아트
./test/test_01776.png,속눈십
./test/test_01777.png,확싱
./test/test_01778.png,학생컷
./test/test_01779.png,체대입시
./test/test_01780.png,영양순대국
./test/test_01781.png,바절
./test/test_01782.png,커피공장
./test/test_01783.png,하나비
./test/test_01784.png,커피공장
./test/test_01785.png,하나비
./test/test_01786.png,이동네에서
./test/test_01787.png,가장맛있는
./test/test_01788.png,아메리카노
./test/test_01789.png,무떼겪말
./test/test_01790.png,식이네끝죽
./test/test_01791.png,팔죽
./test/test_01792.png,예약문의
./test/test_01793.png,명망공방
./test/test_01794.png,급창볶음
./test/test_01795.png,영양요법자세
./test/test_01796.png,주
./test/test_01797.png,제도엔지니어량
./test/test_01798.png,청소용역전문업체
./test/test_01799.png,벌초대행
./test/test_01800.png,한사인
./test/test_01801.png,농현셋심
./test/test_01802.png,농변용심한삼인
./test/test_01803.png,드넘다
./test/test_01804.png,미훨쎄
./test/test_01805.png,좁
./test/test_01806.png,
./test/test_01807.png,움
./test/test_01808.png,전문
./test/test_01809.png,다슬기늘
./test/test_01810.png,전문
./test/test_01811.png,실프세탁
./test/test_01812.png,올
./test/test_01813.png,
./test/test_01814.png,
./test/test_01815.png,따뜻하고
./test/test_01816.png,구수한
./test/test_01817.png,팔죽
./test/test_01818.png,국내최초
./test/test_01819.png,패스트리방버터
./test/test_01820.png,은희해어
./test/test_01821.png,달량조홀렉
./test/test_01822.png,차이나뜻산
./test/test_01823.png,육회
./test/test_01824.png,원
./test/test_01825.png,차돌잠병수제비
./test/test_01826.png,차돌용돌초밥
./test/test_01827.png,원
./test/test_01828.png,상외
./test/test_01829.png,고은남한복
./test/test_01830.png,한복대여
./test/test_01831.png,순무부찌개
./test/test_01832.png,신선한야채
./test/test_01833.png,꺼먹돼지
./test/test_01834.png,산
./test/test_01835.png,만
./test/test_01836.png,인테리어현수막
./test/test_01837.png,수지즉석먹볶이
./test/test_01838.png,고업움
./test/test_01839.png,내안의나름만낫다
./test/test_01840.png,골격
./test/test_01841.png,분석
./test/test_01843.png,특수전구
./test/test_01844.png,담자기
./test/test_01845.png,테이터텔레갑
./test/test_01846.png,계정이비인후과
./test/test_01847.png,리이
./test/test_01848.png,수지수학전문학원
./test/test_01849.png,붐
./test/test_01850.png,수지약국
./test/test_01851.png,빼
./test/test_01852.png,실리반학원
./test/test_01853.png,나컷밀쓸국어
./test/test_01854.png,라온실
./test/test_01855.png,성경공부
./test/test_01856.png,건강과일의대표선수
./test/test_01857.png,취향저격모두의소시지
./test/test_01858.png,디치
./test/test_01859.png,
./test/test_01860.png,도
./test/test_01861.png,
./test/test_01862.png,김밥나무분
./test/test_01863.png,나누다
./test/test_01864.png,생각하다
./test/test_01865.png,퍽업가능
./test/test_01866.png,출족보습
./test/test_01867.png,우리나라
./test/test_01868.png,도종은행
./test/test_01869.png,합리적인
./test/test_01870.png,무관중대회
./test/test_01871.png,다칭근
./test/test_01872.png,당신의
./test/test_01873.png,구크봉
./test/test_01874.png,한생생활용품관
./test/test_01875.png,당종쇼
./test/test_01876.png,실프포토스튜디오
./test/test_01877.png,가을맞이
./test/test_01878.png,에르디양스
./test/test_01879.png,모라스
./test/test_01880.png,모리기
./test/test_01881.png,요거드
./test/test_01882.png,다이야
./test/test_01883.png,목걸이
./test/test_01884.png,코끼리약국
./test/test_01885.png,유가네
./test/test_01886.png,닭걀비
./test/test_01887.png,조이유주
./test/test_01888.png,음악학원
./test/test_01889.png,아람맘스물
./test/test_01890.png,김씨화로
./test/test_01891.png,다
./test/test_01892.png,명신
./test/test_01893.png,다리
./test/test_01894.png,방
./test/test_01895.png,삼성영어
./test/test_01896.png,김밥천국
./test/test_01897.png,세증커피
./test/test_01898.png,세중한누리
./test/test_01899.png,
./test/test_01900.png,
./test/test_01901.png,학
./test/test_01902.png,나이스턱
./test/test_01903.png,이대가촌집닭갈비
./test/test_01904.png,성인게임
./test/test_01905.png,랜드
./test/test_01906.png,액센트주유소
./test/test_01907.png,느
./test/test_01908.png,마레정원
./test/test_01909.png,잇다부동산
./test/test_01910.png,공인중개사사무소
./test/test_01911.png,더불유
./test/test_01912.png,피부과
./test/test_01913.png,꽤곳대
./test/test_01914.png,바늘과실
./test/test_01915.png,보다즉발
./test/test_01916.png,네깨방
./test/test_01917.png,한
./test/test_01918.png,이름풀이
./test/test_01919.png,유스클럽
./test/test_01920.png,꽃돼다
./test/test_01921.png,순회보리밥집
./test/test_01922.png,네일수미
./test/test_01923.png,싶잔천하
./test/test_01924.png,홍심
./test/test_01925.png,운거따팅
./test/test_01926.png,달
./test/test_01927.png,사계전
./test/test_01928.png,최선올다합니다
./test/test_01929.png,형제집
./test/test_01930.png,본
./test/test_01931.png,치
./test/test_01932.png,과
./test/test_01933.png,
./test/test_01934.png,금움수수료
./test/test_01935.png,우대까지
./test/test_01936.png,전문의진료
./test/test_01937.png,디지털진료
./test/test_01938.png,트레이님
./test/test_01939.png,독서실
./test/test_01940.png,카페벼
./test/test_01941.png,스러리센터
./test/test_01942.png,통임대
./test/test_01943.png,대방점
./test/test_01944.png,하오니
./test/test_01945.png,지역화페
./test/test_01946.png,재난지원금
./test/test_01947.png,전문
./test/test_01948.png,장정
./test/test_01949.png,정장
./test/test_01950.png,천만여원확정
./test/test_01951.png,
./test/test_01952.png,청춘소주
./test/test_01953.png,입점기념
./test/test_01954.png,봉스
./test/test_01955.png,벼돈
./test/test_01956.png,전
./test/test_01957.png,악도
./test/test_01958.png,작은물은
./test/test_01959.png,태종
./test/test_01960.png,세무회계사무소
./test/test_01961.png,으뜯정형외과
./test/test_01962.png,비출안경균택트
./test/test_01963.png,
./test/test_01964.png,녕의빵
./test/test_01965.png,스포츠아로마
./test/test_01966.png,료
./test/test_01967.png,수학전문학원
./test/test_01968.png,위반시
./test/test_01969.png,커어님하다
./test/test_01970.png,위이미지는연출된
./test/test_01971.png,이미지입니다
./test/test_01972.png,시히어
./test/test_01973.png,에이스트매술책월
./test/test_01974.png,버커칭
./test/test_01975.png,층
./test/test_01976.png,닥터카네트위크
./test/test_01977.png,기홍동백점
./test/test_01978.png,해비치한의원
./test/test_01979.png,해비치한의원
./test/test_01980.png,네일공주
./test/test_01981.png,안전모
./test/test_01982.png,차도로
./test/test_01983.png,꼬마김밥
./test/test_01984.png,일반김밥
./test/test_01985.png,주제로
./test/test_01986.png,쓰러지
./test/test_01987.png,에거
./test/test_01988.png,안경상영통점오프
./test/test_01989.png,주년이멘트
./test/test_01990.png,
./test/test_01991.png,옷이
./test/test_01992.png,조하
./test/test_01993.png,전틀
./test/test_01994.png,누수담지
./test/test_01995.png,배관
./test/test_01996.png,배관누수담저
./test/test_01997.png,참여작가
./test/test_01998.png,작품재료
./test/test_01999.png,안재국
./test/test_02000.png,파김치
./test/test_02001.png,알타리
./test/test_02002.png,러비즈
./test/test_02003.png,독
./test/test_02004.png,스위
./test/test_02005.png,
./test/test_02006.png,
./test/test_02007.png,사
./test/test_02008.png,국원물
./test/test_02009.png,야
./test/test_02010.png,평권의원
./test/test_02011.png,달고나
./test/test_02012.png,까페라떼
./test/test_02013.png,웬도
./test/test_02014.png,원
./test/test_02015.png,꾸미다
./test/test_02016.png,부티
./test/test_02017.png,공원작은동물원
./test/test_02018.png,방문올
./test/test_02019.png,환영합니다
./test/test_02020.png,참여학생
./test/test_02021.png,김나은학생
./test/test_02022.png,강채
./test/test_02023.png,김민진
./test/test_02024.png,정문출입구
./test/test_02025.png,김서연
./test/test_02026.png,문재영
./test/test_02027.png,왕영시
./test/test_02028.png,퇴근길
./test/test_02029.png,퇴근길
./test/test_02030.png,졸면
./test/test_02031.png,싱화인상
./test/test_02032.png,자매포차
./test/test_02033.png,명인
./test/test_02034.png,다
./test/test_02035.png,르델리에
./test/test_02036.png,토달부티
./test/test_02037.png,코드원
./test/test_02038.png,독서실
./test/test_02039.png,학종
./test/test_02040.png,노래
./test/test_02041.png,스튜디오상담소
./test/test_02042.png,상쾌한장문외과
./test/test_02043.png,도미회
./test/test_02044.png,이만원
./test/test_02045.png,플러스서울치과
./test/test_02046.png,못데하이마트
./test/test_02047.png,산수점
./test/test_02048.png,상동메가통증의학과
./test/test_02049.png,하나이비인후과
./test/test_02050.png,못데하이마트
./test/test_02051.png,입주박람회
./test/test_02052.png,계림동두산위브
./test/test_02053.png,엔주오일
./test/test_02054.png,터지패션
./test/test_02055.png,슬도둑곱도리당
./test/test_02056.png,명문
./test/test_02057.png,이화미술
./test/test_02058.png,천원
./test/test_02059.png,자미당
./test/test_02060.png,호
./test/test_02061.png,금호월드
./test/test_02062.png,매운탕
./test/test_02063.png,생우력탕
./test/test_02064.png,낙지짐
./test/test_02065.png,동태
./test/test_02066.png,대구해물전골
./test/test_02067.png,예
./test/test_02068.png,친절
./test/test_02069.png,상담
./test/test_02070.png,흑임자크림라떼
./test/test_02071.png,딸기치스레의프라때
./test/test_02072.png,행크림아과와풀
./test/test_02073.png,초코아르드와풀
./test/test_02074.png,카페라때
./test/test_02075.png,원
./test/test_02076.png,아메리카노
./test/test_02077.png,원
./test/test_02078.png,돌속날지비백밥
./test/test_02079.png,액정교체
./test/test_02080.png,메인보드
./test/test_02081.png,중고포매매
./test/test_02082.png,제육뒷밥
./test/test_02083.png,알플수리
./test/test_02084.png,알버리
./test/test_02085.png,인
./test/test_02086.png,만원
./test/test_02087.png,섞이크
./test/test_02088.png,아포가토
./test/test_02089.png,즉시개통
./test/test_02090.png,지정매장
./test/test_02091.png,플렉치노
./test/test_02092.png,영화관
./test/test_02093.png,미래틀담앞다
./test/test_02094.png,즉시개통
./test/test_02095.png,매달요금
./test/test_02096.png,떡장인방앗간
./test/test_02097.png,건조
./test/test_02098.png,가능
./test/test_02099.png,범
./test/test_02100.png,열무국수
./test/test_02101.png,열무비임국수
./test/test_02102.png,크리스피크림
./test/test_02103.png,메뉴안내
./test/test_02104.png,열무비임밥
./test/test_02105.png,비빛밥
./test/test_02106.png,돌손
./test/test_02107.png,훨저기때
./test/test_02108.png,세일
./test/test_02109.png,도
./test/test_02110.png,만원
./test/test_02111.png,이상구매시
./test/test_02112.png,파그랜드화정점
./test/test_02113.png,스튜디오
./test/test_02114.png,무스빌리민스현회
./test/test_02115.png,광주지부
./test/test_02116.png,베이비
./test/test_02117.png,플래넷
./test/test_02118.png,이로운
./test/test_02119.png,아이스
./test/test_02120.png,커피가
./test/test_02121.png,멍긴다
./test/test_02122.png,베이커리까페
./test/test_02123.png,도시다
./test/test_02124.png,수제버거전문
./test/test_02125.png,마드레스버거
./test/test_02126.png,이안과
./test/test_02127.png,드림스윗
./test/test_02128.png,디저트카페
./test/test_02129.png,이강모
./test/test_02130.png,경
./test/test_02131.png,낙치카레
./test/test_02132.png,취임
./test/test_02133.png,축
./test/test_02134.png,국
./test/test_02135.png,선
./test/test_02136.png,생
./test/test_02137.png,밝은약국
./test/test_02138.png,돈과
./test/test_02139.png,관련된
./test/test_02140.png,골멩이소면
./test/test_02141.png,보운금리
./test/test_02142.png,업한
./test/test_02143.png,클래
./test/test_02144.png,코어
./test/test_02145.png,복근
./test/test_02146.png,그룹수업
./test/test_02147.png,필라테스
./test/test_02148.png,가
./test/test_02149.png,프
./test/test_02150.png,레
./test/test_02151.png,조
./test/test_02152.png,더베스템
./test/test_02153.png,영어
./test/test_02154.png,비트
./test/test_02155.png,천연펼
./test/test_02156.png,전문시술업소
./test/test_02157.png,디바인
./test/test_02158.png,영어학원
./test/test_02159.png,웬툼마스터
./test/test_02160.png,만화
./test/test_02161.png,웬문
./test/test_02162.png,파스타
./test/test_02163.png,커피
./test/test_02164.png,위드와싱언뷰티
./test/test_02165.png,메리스에이프럽
./test/test_02166.png,생활기우유
./test/test_02167.png,오리지날까오승밀크터
./test/test_02168.png,커피밀크티
./test/test_02169.png,천연록당밀크티
./test/test_02170.png,아이스아메리카노
./test/test_02171.png,초코스무디
./test/test_02172.png,레책에이드
./test/test_02173.png,망고에이드
./test/test_02174.png,아이스크림
./test/test_02175.png,주차장요금안내
./test/test_02176.png,에이티원
./test/test_02177.png,찢은먹태
./test/test_02178.png,협이드숫권
./test/test_02179.png,어니언순살치권
./test/test_02180.png,북음면
./test/test_02181.png,터유
./test/test_02182.png,아쉬탕가
./test/test_02183.png,살린요가
./test/test_02184.png,학털
./test/test_02185.png,청결한
./test/test_02186.png,기탕제원
./test/test_02187.png,무단투기
./test/test_02188.png,염스
./test/test_02189.png,나드리
./test/test_02190.png,타이어
./test/test_02191.png,해천오
./test/test_02192.png,치권의명가
./test/test_02193.png,금연캠페인
./test/test_02194.png,용인예총
./test/test_02195.png,고등학교
./test/test_02197.png,유가네닭갈비
./test/test_02198.png,올리브피아노
./test/test_02199.png,음악학원
./test/test_02200.png,래
./test/test_02201.png,정우경화실
./test/test_02202.png,
./test/test_02203.png,렌트린
./test/test_02204.png,담캐리님
./test/test_02205.png,
./test/test_02206.png,필라데스
./test/test_02207.png,십오아
./test/test_02208.png,단골진
./test/test_02209.png,홍천집
./test/test_02210.png,병구네야켓가개
./test/test_02211.png,빵
./test/test_02212.png,뒤겨유
./test/test_02213.png,중국요리
./test/test_02214.png,백과사전
./test/test_02215.png,몸의인지과학
./test/test_02216.png,하면
./test/test_02217.png,좁습니까
./test/test_02218.png,행복은
./test/test_02219.png,누가
./test/test_02220.png,결재해주나요
./test/test_02221.png,영화
./test/test_02222.png,롭대
./test/test_02223.png,함께하는
./test/test_02224.png,긍정
./test/test_02225.png,일단은총
./test/test_02226.png,울지안분아이
./test/test_02227.png,날마다조금씩
./test/test_02228.png,자라늘아이들
./test/test_02229.png,천경호지음
./test/test_02230.png,마을학교
./test/test_02231.png,미친
./test/test_02232.png,암기력
./test/test_02233.png,보도자료
./test/test_02234.png,필살기
./test/test_02235.png,현직기자가손
./test/test_02236.png,저널리좀의
./test/test_02237.png,기본원칙
./test/test_02238.png,지도로
./test/test_02239.png,보는
./test/test_02240.png,세계분쟁
./test/test_02241.png,미리
./test/test_02242.png,하고
./test/test_02243.png,앞월
./test/test_02244.png,
./test/test_02245.png,우리결혼해요
./test/test_02246.png,끈대비혼족의연애
./test/test_02247.png,성공레시피
./test/test_02248.png,결혼
./test/test_02249.png,의
./test/test_02250.png,종말
./test/test_02251.png,데이터에근거한
./test/test_02252.png,미래예측
./test/test_02253.png,미래예측
./test/test_02254.png,고치양뇨거
./test/test_02255.png,비오없다
./test/test_02256.png,오성삼지음
./test/test_02257.png,보육
./test/test_02258.png,실습
./test/test_02259.png,지도
./test/test_02260.png,수학을못하는
./test/test_02261.png,아이는없다
./test/test_02262.png,디시털
./test/test_02263.png,왼주민
./test/test_02264.png,키우기
./test/test_02265.png,교실속작문사회
./test/test_02266.png,경제교육
./test/test_02267.png,프로제트
./test/test_02268.png,두렵지않은
./test/test_02269.png,고덧
./test/test_02270.png,육
./test/test_02271.png,개구리
./test/test_02272.png,먹어라
./test/test_02273.png,틀
./test/test_02274.png,저널리좀의
./test/test_02275.png,기본원칙
./test/test_02276.png,아내
./test/test_02277.png,기움
./test/test_02278.png,코리야
./test/test_02279.png,아젠다
./test/test_02280.png,그래
./test/test_02281.png,자운
./test/test_02282.png,라
./test/test_02283.png,하고
./test/test_02284.png,영원환
./test/test_02285.png,왜다
./test/test_02286.png,권력은
./test/test_02287.png,마을교육
./test/test_02288.png,공동체
./test/test_02289.png,나중에온
./test/test_02290.png,이사람에계도
./test/test_02291.png,이새
./test/test_02292.png,
./test/test_02293.png,경계에
./test/test_02294.png,흘다
./test/test_02295.png,일
./test/test_02296.png,나름아프거
./test/test_02297.png,할때
./test/test_02298.png,지식의
./test/test_02299.png,대응합
./test/test_02300.png,치유
./test/test_02301.png,인문학
./test/test_02302.png,국가라
./test/test_02303.png,무엇인가
./test/test_02304.png,생각하는
./test/test_02305.png,여자는
./test/test_02306.png,위험하다
./test/test_02307.png,탈무
./test/test_02308.png,채오다디
./test/test_02309.png,문학사의
./test/test_02310.png,라이벌의식
./test/test_02311.png,우리는
./test/test_02312.png,언젠가
./test/test_02313.png,죽튼다
./test/test_02314.png,위대한
./test/test_02315.png,식재료
./test/test_02316.png,종교
./test/test_02317.png,전쟁
./test/test_02318.png,일
./test/test_02319.png,침
./test/test_02320.png,우리그냥사랑하고
./test/test_02321.png,싶습나다
./test/test_02322.png,대남자
./test/test_02323.png,숲햇편
./test/test_02324.png,딸
./test/test_02325.png,혈옛
./test/test_02326.png,만
./test/test_02327.png,퍽
./test/test_02328.png,국체톤
./test/test_02329.png,전광제속에담긴
./test/test_02330.png,일본의허구
./test/test_02331.png,화려한군주
./test/test_02332.png,근대일본의권력과
./test/test_02333.png,국가의레
./test/test_02334.png,범의
./test/test_02335.png,이해
./test/test_02336.png,스페인중세문학속의
./test/test_02337.png,동양설화
./test/test_02338.png,다문화시대의
./test/test_02339.png,식생활문화
./test/test_02340.png,이해
./test/test_02341.png,누기
./test/test_02342.png,학교폭력해결올
./test/test_02343.png,가로막는가
./test/test_02344.png,눕기의
./test/test_02345.png,기술
./test/test_02346.png,커망업쇼트
./test/test_02347.png,불확실한시대성인이
./test/test_02348.png,되지못하는청년들이야기
./test/test_02349.png,권어대통
./test/test_02350.png,간
./test/test_02351.png,더기프트
./test/test_02352.png,재능이없다고
./test/test_02353.png,생각하논당신에계
./test/test_02354.png,근현대전쟁사
./test/test_02355.png,찰스톤전드외지음
./test/test_02356.png,강창부옮김
./test/test_02357.png,내삶의
./test/test_02358.png,의미논
./test/test_02359.png,무엇인가
./test/test_02360.png,기떠
./test/test_02361.png,청소년
./test/test_02362.png,통일사전
./test/test_02363.png,정치사기군과
./test/test_02364.png,세금도둑들
./test/test_02365.png,통일대박
./test/test_02366.png,수화회
./test/test_02367.png,지보의
./test/test_02368.png,세상은
./test/test_02369.png,저절로
./test/test_02370.png,좋아지즈
./test/test_02371.png,않늘다
./test/test_02372.png,근교
./test/test_02373.png,정당으
./test/test_02374.png,명력생
./test/test_02375.png,개인대국가
./test/test_02376.png,심으
./test/test_02377.png,숫하정
./test/test_02378.png,근대영국현정
./test/test_02379.png,간접의탄생
./test/test_02380.png,평화의규칙
./test/test_02381.png,비팩
./test/test_02382.png,노무현
./test/test_02383.png,다셈
./test/test_02384.png,나는
./test/test_02385.png,대한민국
./test/test_02386.png,청화대정부
./test/test_02387.png,내가스친역사들
./test/test_02388.png,담신은
./test/test_02389.png,다르다
./test/test_02390.png,한국민족주의의
./test/test_02391.png,한국의좌파
./test/test_02392.png,구원과밀매
./test/test_02393.png,대한민국
./test/test_02394.png,시니어
./test/test_02395.png,올대
./test/test_02396.png,은퇴상담
./test/test_02397.png,
./test/test_02398.png,들의
./test/test_02399.png,정치학의
./test/test_02400.png,이해
./test/test_02401.png,푸코효과
./test/test_02402.png,네가나라다
./test/test_02403.png,초나돌
./test/test_02404.png,유아수학교육
./test/test_02405.png,유아고육평가의이해
./test/test_02406.png,영유아수
./test/test_02407.png,초등
./test/test_02408.png,영어문자지도
./test/test_02409.png,교육과학
./test/test_02410.png,세상에서가장
./test/test_02411.png,해보하
./test/test_02412.png,아이들은
./test/test_02413.png,유아생활지도
./test/test_02414.png,유아기
./test/test_02415.png,발전교육
./test/test_02416.png,사교
./test/test_02417.png,악차각
./test/test_02418.png,엄마가
./test/test_02419.png,유아사회고육의
./test/test_02420.png,이론과실제
./test/test_02421.png,유아국악지도
./test/test_02422.png,방법률
./test/test_02423.png,유아동작교움
./test/test_02424.png,영유아건강교육
./test/test_02425.png,교과교재
./test/test_02426.png,연구및
./test/test_02427.png,도법지
./test/test_02428.png,유아교육사상사
./test/test_02429.png,
./test/test_02430.png,유아
./test/test_02431.png,문학론
./test/test_02432.png,아동건가
./test/test_02433.png,영유아프로그램
./test/test_02434.png,자유선택활동
./test/test_02435.png,바로알기
./test/test_02436.png,함께키우는
./test/test_02437.png,신육이론
./test/test_02438.png,
./test/test_02439.png,관리운영
./test/test_02440.png,유아
./test/test_02441.png,리더십교육의
./test/test_02442.png,유아
./test/test_02443.png,흔합연령
./test/test_02444.png,프로그램
./test/test_02445.png,유아수학교육
./test/test_02446.png,유아교움
./test/test_02447.png,개론
./test/test_02448.png,유아교육기관의
./test/test_02449.png,환경구서
./test/test_02450.png,명문대
./test/test_02451.png,합격
./test/test_02452.png,글쓰기
./test/test_02453.png,초등영어
./test/test_02454.png,위기쓰기지도
./test/test_02455.png,엄마가세우는
./test/test_02456.png,대학입스
./test/test_02457.png,좁
./test/test_02458.png,손자병법
./test/test_02459.png,대입은
./test/test_02460.png,전락이다
./test/test_02461.png,아
./test/test_02462.png,구술면접
./test/test_02463.png,도대체
./test/test_02464.png,스프랑타임
./test/test_02465.png,불안위에서
./test/test_02466.png,서피하기
./test/test_02467.png,나의
./test/test_02468.png,직업
./test/test_02469.png,우리의
./test/test_02470.png,미래
./test/test_02471.png,영어
./test/test_02472.png,가르처라
./test/test_02473.png,여대생
./test/test_02474.png,공부하라
./test/test_02475.png,가지방법
./test/test_02476.png,새로운
./test/test_02477.png,대학을
./test/test_02478.png,말하다
./test/test_02479.png,꿀밭
./test/test_02480.png,괴물이
./test/test_02481.png,대학
./test/test_02482.png,공부의배신
./test/test_02483.png,빛과그늘
./test/test_02484.png,아이비리그의
./test/test_02485.png,유렵연합의
./test/test_02486.png,대학개협
./test/test_02487.png,영어교육
./test/test_02488.png,따라하
./test/test_02489.png,벼
./test/test_02490.png,내가
./test/test_02491.png,왜
./test/test_02492.png,대학에옷지
./test/test_02493.png,지금
./test/test_02494.png,법대
./test/test_02495.png,명문대트
./test/test_02496.png,국어
./test/test_02497.png,자기주도학습
./test/test_02498.png,지도전락
./test/test_02499.png,학생부
./test/test_02500.png,종합전형의
./test/test_02501.png,구든것
./test/test_02502.png,서울대
./test/test_02503.png,합격생
./test/test_02504.png,미술대학
./test/test_02505.png,비실기전형
./test/test_02506.png,완벽가이드북
./test/test_02507.png,진짜
./test/test_02508.png,입시전락
./test/test_02509.png,진학비법
./test/test_02510.png,상업정보교과교재
./test/test_02511.png,및연구법
./test/test_02512.png,일본어
./test/test_02513.png,교과교육의
./test/test_02514.png,이론과실제
./test/test_02515.png,말하기불안
./test/test_02516.png,어떻게극복하는가
./test/test_02517.png,고등학교
./test/test_02518.png,교육과정
./test/test_02519.png,권스
./test/test_02520.png,초등
./test/test_02521.png,위기능력
./test/test_02522.png,덥든충든
./test/test_02523.png,
./test/test_02524.png,
./test/test_02525.png,작품의
./test/test_02526.png,모든것
./test/test_02527.png,서
./test/test_02528.png,현대
./test/test_02529.png,미술교육의
./test/test_02530.png,뿌리
./test/test_02531.png,미술수업
./test/test_02532.png,아동미술
./test/test_02533.png,고드
./test/test_02534.png,고저
./test/test_02535.png,유쾌한
./test/test_02536.png,미술수업
./test/test_02537.png,매뉴얼
./test/test_02538.png,실체조형실기
./test/test_02539.png,스업률살리논
./test/test_02540.png,살아있는철동학습
./test/test_02541.png,초등수학분수
./test/test_02542.png,이렇게가르처라
./test/test_02543.png,수학시간에
./test/test_02544.png,놀이하자
./test/test_02545.png,크
./test/test_02546.png,
./test/test_02547.png,초등문
./test/test_02548.png,교육활동
./test/test_02549.png,교실속
./test/test_02550.png,생태환경
./test/test_02551.png,학습자중심교육
./test/test_02552.png,진짜
./test/test_02553.png,공부름하다
./test/test_02554.png,뉴리터러시
./test/test_02555.png,
./test/test_02556.png,바
./test/test_02557.png,호내지
./test/test_02558.png,양고
./test/test_02559.png,방과후
./test/test_02560.png,아동지
./test/test_02561.png,참사라
./test/test_02562.png,자라는
./test/test_02563.png,무따따
./test/test_02564.png,들가
./test/test_02565.png,그림책
./test/test_02566.png,학급운영
./test/test_02567.png,한권으로끝내는
./test/test_02568.png,초등공부
./test/test_02569.png,시
./test/test_02570.png,우리아이
./test/test_02571.png,초등교육
./test/test_02572.png,대백과
./test/test_02573.png,영원한
./test/test_02574.png,사람
./test/test_02575.png,십자가오
./test/test_02576.png,초승달
./test/test_02577.png,내가
./test/test_02578.png,왕바리새인
./test/test_02579.png,입니다
./test/test_02580.png,세계종교의
./test/test_02581.png,조건이란
./test/test_02582.png,무엇인가
./test/test_02583.png,한국교회
./test/test_02584.png,이미와아직
./test/test_02585.png,사이에서
./test/test_02586.png,예수름만나다
./test/test_02587.png,한권으로읽는
./test/test_02588.png,이야기창세기
./test/test_02589.png,경계선
./test/test_02590.png,위에서
./test/test_02591.png,그리스도께서내안에
./test/test_02592.png,내가그리스도안에
./test/test_02593.png,사강하늘
./test/test_02594.png,그대히게
./test/test_02595.png,살만늘
./test/test_02596.png,물
./test/test_02597.png,곁
./test/test_02598.png,손
./test/test_02599.png,교리신학연구
./test/test_02600.png,철인
./test/test_02601.png,신의그림자
./test/test_02602.png,무의식의신학
./test/test_02603.png,나에계로
./test/test_02604.png,가본길
./test/test_02605.png,판옛
./test/test_02606.png,팀컬러
./test/test_02607.png,고통에
./test/test_02608.png,답하다
./test/test_02609.png,
./test/test_02610.png,백
./test/test_02611.png,기것
./test/test_02612.png,복은이다
./test/test_02613.png,예수께서
./test/test_02614.png,말씀하시길
./test/test_02615.png,오쇼저김석환역
./test/test_02616.png,치구느
./test/test_02617.png,보
./test/test_02618.png,이지
./test/test_02619.png,않논세계
./test/test_02620.png,해
./test/test_02621.png,보
./test/test_02622.png,법률스님의
./test/test_02623.png,성경역사속의
./test/test_02624.png,고대
./test/test_02625.png,제국
./test/test_02626.png,존비비어의
./test/test_02627.png,호곁내
./test/test_02628.png,도지
./test/test_02629.png,성경
./test/test_02630.png,독
./test/test_02631.png,내마음
./test/test_02632.png,아버지끼로
./test/test_02633.png,말씀먹는아이로키우는
./test/test_02634.png,엄마표
./test/test_02635.png,신양교육
./test/test_02636.png,질문하는
./test/test_02637.png,바이블
./test/test_02638.png,풀임지음
./test/test_02639.png,벌거벗은
./test/test_02640.png,그리스도인
./test/test_02641.png,팀던통독
./test/test_02642.png,일
./test/test_02643.png,나의더큰
./test/test_02644.png,바다
./test/test_02645.png,여자
./test/test_02646.png,그리스도인으로
./test/test_02647.png,살아가기
./test/test_02648.png,이름
./test/test_02649.png,어나도어
./test/test_02650.png,괜찮아
./test/test_02651.png,해
./test/test_02652.png,
./test/test_02653.png,선어
./test/test_02654.png,은혜받는
./test/test_02655.png,습관
./test/test_02656.png,로마서주석
./test/test_02657.png,지금
./test/test_02658.png,행복하세요
./test/test_02659.png,결혼을
./test/test_02660.png,기다리는
./test/test_02661.png,사람들
./test/test_02662.png,벌어
./test/test_02663.png,영성
./test/test_02664.png,전공진교수가줄이한
./test/test_02665.png,우리말속뜻금강경
./test/test_02666.png,
./test/test_02667.png,맥스루레이도의
./test/test_02668.png,예수의유산
./test/test_02669.png,위기만해도열리는
./test/test_02670.png,요한계시록
./test/test_02671.png,김형종지음
./test/test_02672.png,위빠간화선강설
./test/test_02673.png,대현지음
./test/test_02674.png,전레단
./test/test_02675.png,안내서
./test/test_02676.png,믿음으로
./test/test_02677.png,살라
./test/test_02678.png,암브로시우스
./test/test_02679.png,토빗이야기
./test/test_02680.png,너촌
./test/test_02681.png,흔길
./test/test_02682.png,와
./test/test_02683.png,천국으
./test/test_02684.png,소업
./test/test_02685.png,로버트맥체인설고집
./test/test_02686.png,로마서
./test/test_02687.png,신의열애
./test/test_02688.png,반아심경
./test/test_02689.png,과
./test/test_02690.png,선공부
./test/test_02691.png,평화
./test/test_02692.png,생태
./test/test_02693.png,이야기
./test/test_02694.png,민논만큼
./test/test_02695.png,행동하다
./test/test_02696.png,권성수지음
./test/test_02697.png,내일의
./test/test_02698.png,기름부음
./test/test_02699.png,법구경
./test/test_02700.png,신약
./test/test_02701.png,저도
./test/test_02702.png,하나님올
./test/test_02703.png,듣다
./test/test_02704.png,품깎
./test/test_02705.png,거록한
./test/test_02706.png,독서
./test/test_02707.png,하나남이만드신세상
./test/test_02708.png,창세기
./test/test_02709.png,미
./test/test_02710.png,사
./test/test_02711.png,내가사라한성경
./test/test_02712.png,박회천자서전
./test/test_02713.png,생
./test/test_02714.png,소중한
./test/test_02715.png,나의
./test/test_02716.png,연약함떼
./test/test_02717.png,존비비어의
./test/test_02718.png,끈질김
./test/test_02719.png,주역강의
./test/test_02720.png,결국엔
./test/test_02721.png,믿음이이긴다
./test/test_02722.png,존비비어의성령님
./test/test_02723.png,일
./test/test_02724.png,갈보근
./test/test_02725.png,언덕
./test/test_02726.png,주목할만한일상
./test/test_02727.png,평
./test/test_02728.png,영혼의
./test/test_02729.png,동반자
./test/test_02730.png,하느님올
./test/test_02731.png,기다리는
./test/test_02732.png,시간
./test/test_02733.png,봄
./test/test_02734.png,아미타
./test/test_02735.png,오늘올
./test/test_02736.png,만족하라
./test/test_02737.png,기도
./test/test_02738.png,
./test/test_02739.png,신학의
./test/test_02740.png,통일성
./test/test_02741.png,어둠속을걷는법
./test/test_02742.png,도교대학
./test/test_02743.png,불교학과
./test/test_02744.png,영혼의책
./test/test_02745.png,왜
./test/test_02746.png,용서해야
./test/test_02747.png,한
./test/test_02748.png,긍정적사고방식
./test/test_02749.png,노면반센트필의
./test/test_02750.png,마음올
./test/test_02751.png,천천히
./test/test_02752.png,쓰는법
./test/test_02753.png,불
./test/test_02754.png,이웃종교
./test/test_02755.png,읽다
./test/test_02756.png,동행
./test/test_02757.png,그리스도와함께걷는삶
./test/test_02758.png,그래도
./test/test_02759.png,웃어보세요
./test/test_02760.png,유늘기다
./test/test_02761.png,성경대로
./test/test_02762.png,세상살기
./test/test_02763.png,성경의
./test/test_02764.png,지혜에서
./test/test_02765.png,배우다
./test/test_02766.png,선약
./test/test_02767.png,말씀으로우리곁에
./test/test_02768.png,오신하나남
./test/test_02769.png,설교학
./test/test_02770.png,한국교회의
./test/test_02771.png,표준설교학
./test/test_02772.png,무소유
./test/test_02773.png,법정스님의
./test/test_02774.png,순례길
./test/test_02775.png,팀컬러의
./test/test_02776.png,
./test/test_02777.png,작은예수
./test/test_02778.png,성품교실
./test/test_02779.png,당신올위한
./test/test_02780.png,갈라디아서
./test/test_02781.png,꼭필요한것한가지
./test/test_02782.png,기도의삶
./test/test_02783.png,안식의
./test/test_02784.png,평화
./test/test_02785.png,검는
./test/test_02786.png,곳마다
./test/test_02787.png,마음꽂이피엇네
./test/test_02788.png,그대와나
./test/test_02789.png,참좋은
./test/test_02790.png,인연입니다
./test/test_02791.png,스승
./test/test_02792.png,프관치스코
./test/test_02793.png,오늘부터
./test/test_02794.png,다시
./test/test_02795.png,기도
./test/test_02796.png,아트
./test/test_02797.png,오보
./test/test_02798.png,멘토령
./test/test_02799.png,불교성전
./test/test_02800.png,석해운옮김
./test/test_02801.png,영한대역
./test/test_02802.png,행복의힘
./test/test_02803.png,기도
./test/test_02804.png,별기
./test/test_02805.png,도마복음강의
./test/test_02806.png,지리산스님들의
./test/test_02807.png,못말리는
./test/test_02808.png,행복이야기
./test/test_02809.png,지리산스님들의
./test/test_02810.png,못말리는
./test/test_02811.png,수행이야기
./test/test_02812.png,기
./test/test_02813.png,믿음이이긴다
./test/test_02814.png,너느내젓이라
./test/test_02815.png,붙
./test/test_02816.png,흙
./test/test_02817.png,약합이길이다
./test/test_02818.png,천상의노래
./test/test_02819.png,켓판
./test/test_02820.png,출
./test/test_02821.png,길
./test/test_02822.png,의
./test/test_02823.png,진근
./test/test_02824.png,실담범자반야심경
./test/test_02825.png,
./test/test_02826.png,부무럽신화
./test/test_02827.png,기독교신양의
./test/test_02828.png,길집
./test/test_02829.png,월위
./test/test_02830.png,아잔브람
./test/test_02831.png,행복론
./test/test_02832.png,로마
./test/test_02833.png,신화
./test/test_02834.png,선야
./test/test_02835.png,철학
./test/test_02836.png,
./test/test_02837.png,북
./test/test_02838.png,깊
./test/test_02839.png,절
./test/test_02840.png,극용생
./test/test_02841.png,우리논
./test/test_02842.png,어떻게의로울수있는가
./test/test_02843.png,김서령지음
./test/test_02844.png,한국불고전설
./test/test_02845.png,불교입문
./test/test_02846.png,별주
./test/test_02847.png,줄성위
./test/test_02848.png,일본의
./test/test_02849.png,정토사상
./test/test_02850.png,예축푹수
./test/test_02851.png,잠흙
./test/test_02852.png,질문이멈취지면
./test/test_02853.png,스스로답이된다
./test/test_02854.png,원제지음
./test/test_02855.png,화임이란
./test/test_02856.png,무엇인가
./test/test_02857.png,사리
./test/test_02858.png,불가사의한법신
./test/test_02859.png,나부끼는
./test/test_02860.png,것발은
./test/test_02861.png,사랑이없노라
./test/test_02862.png,두뇌
./test/test_02863.png,밖으로의
./test/test_02864.png,여행
./test/test_02865.png,편탑
./test/test_02866.png,도리의
./test/test_02867.png,수행이야기
./test/test_02868.png,도리비달
./test/test_02869.png,생전예수재연구
./test/test_02870.png,프라즈나종서
./test/test_02871.png,원효
./test/test_02872.png,연
./test/test_02873.png,세상올감당하는
./test/test_02874.png,믿음의훈련
./test/test_02875.png,붓다
./test/test_02876.png,자기사랑올
./test/test_02877.png,말하다
./test/test_02878.png,
./test/test_02879.png,진과속의눈으로
./test/test_02880.png,불교틀보다
./test/test_02881.png,내가
./test/test_02882.png,만난
./test/test_02883.png,하나님
./test/test_02884.png,심의기술
./test/test_02885.png,영산재
./test/test_02886.png,아날라요비구의
./test/test_02887.png,마음행김확립수행
./test/test_02888.png,한국의죽음
./test/test_02889.png,의레의식연구
./test/test_02890.png,길
./test/test_02891.png,위의
./test/test_02892.png,학교
./test/test_02893.png,두려움
./test/test_02894.png,없는
./test/test_02895.png,마음
./test/test_02896.png,노장으로읽는
./test/test_02897.png,선어록
./test/test_02898.png,하
./test/test_02899.png,공격적
./test/test_02900.png,책임
./test/test_02901.png,용수스님의
./test/test_02902.png,코미리
./test/test_02903.png,노장으로읽는
./test/test_02904.png,선어록
./test/test_02905.png,상
./test/test_02906.png,추위도
./test/test_02907.png,향기틀팔지안는
./test/test_02908.png,매화처럼
./test/test_02909.png,사랑의
./test/test_02910.png,징검다리
./test/test_02911.png,공부
./test/test_02912.png,신심명
./test/test_02913.png,삼조승찬대사
./test/test_02914.png,바로
./test/test_02915.png,오늘입니다
./test/test_02916.png,참울외치는
./test/test_02917.png,신홍종교들의실상
./test/test_02918.png,어느정신과의사의
./test/test_02919.png,명상일기
./test/test_02920.png,설봉
./test/test_02921.png,록
./test/test_02922.png,성령이이끄분경영
./test/test_02923.png,꿈흙
./test/test_02924.png,그후덤기
./test/test_02925.png,천산야의
./test/test_02926.png,우미문현답
./test/test_02927.png,품
./test/test_02928.png,푹출
./test/test_02929.png,월육
./test/test_02930.png,하늘팔글
./test/test_02931.png,통확얹섬
./test/test_02932.png,팬
./test/test_02933.png,한국
./test/test_02934.png,호국불교의
./test/test_02935.png,재조명
./test/test_02936.png,그괴스도록
./test/test_02937.png,따르리
./test/test_02938.png,김성호지음
./test/test_02939.png,선불교
./test/test_02940.png,개설
./test/test_02941.png,아나뭇편지
./test/test_02942.png,내생애
./test/test_02943.png,첫
./test/test_02944.png,명상
./test/test_02945.png,군
./test/test_02946.png,
./test/test_02947.png,시골농부의깨달음수업
./test/test_02948.png,곁
./test/test_02949.png,노래
./test/test_02950.png,맛지마니까야
./test/test_02951.png,삶
./test/test_02952.png,
./test/test_02953.png,열쇠
./test/test_02954.png,금강심촌
./test/test_02955.png,주해
./test/test_02956.png,고대인도명상의
./test/test_02957.png,두전통
./test/test_02958.png,명상과마음공부
./test/test_02959.png,오용석
./test/test_02960.png,붓다와
./test/test_02961.png,청년의
./test/test_02962.png,대화
./test/test_02963.png,시간
./test/test_02964.png,나무가되다
./test/test_02965.png,백만원력
./test/test_02966.png,한송이꽃을발원하여
./test/test_02967.png,올바른
./test/test_02968.png,교회용어
./test/test_02969.png,이상운지음
./test/test_02970.png,정선
./test/test_02971.png,디가니까야
./test/test_02972.png,우리
./test/test_02973.png,기도할까요
./test/test_02974.png,인사화집
./test/test_02975.png,칭기즈칸
./test/test_02976.png,이곳에잠들다
./test/test_02977.png,문명의위기와
./test/test_02978.png,기독교의
./test/test_02979.png,새로운대서사
./test/test_02980.png,붓다
./test/test_02981.png,삶의품격에리
./test/test_02982.png,대하여
./test/test_02983.png,부털
./test/test_02984.png,설
./test/test_02985.png,중충전스
./test/test_02986.png,일의
./test/test_02987.png,기본기
./test/test_02988.png,대한민국
./test/test_02989.png,사느능게용기다
./test/test_02990.png,일잘하는
./test/test_02991.png,사람이지키는
./test/test_02992.png,비관
./test/test_02993.png,하는
./test/test_02994.png,힘
./test/test_02995.png,삶에기적
./test/test_02996.png,나답게
./test/test_02997.png,나름
./test/test_02998.png,지키터
./test/test_02999.png,마음
./test/test_03000.png,충전
./test/test_03001.png,살
./test/test_03002.png,용
./test/test_03003.png,일하는
./test/test_03004.png,거버
./test/test_03005.png,노날
./test/test_03006.png,풀
./test/test_03007.png,고민하는힘
./test/test_03008.png,확의
./test/test_03009.png,인상희밑
./test/test_03010.png,상처주지
./test/test_03011.png,격품
./test/test_03012.png,분노업
./test/test_03013.png,안늘대화
./test/test_03014.png,후퇴근
./test/test_03015.png,
./test/test_03016.png,비교하지양늘연습
./test/test_03017.png,글세
./test/test_03018.png,월요일
./test/test_03019.png,아
./test/test_03020.png,그때
./test/test_03021.png,말이야
./test/test_03022.png,아직의
./test/test_03023.png,심리학
./test/test_03024.png,너무하기싫어
./test/test_03025.png,자기조설
./test/test_03026.png,수업
./test/test_03027.png,놈중으세요
./test/test_03028.png,나틀
./test/test_03029.png,원다
./test/test_03030.png,가까
./test/test_03031.png,눈
./test/test_03032.png,너틀
./test/test_03033.png,까
./test/test_03034.png,용서에대하여
./test/test_03035.png,예의
./test/test_03036.png,바른
./test/test_03037.png,우정
./test/test_03038.png,지속의
./test/test_03039.png,만만하게
./test/test_03040.png,보이지않논
./test/test_03041.png,나쁘
./test/test_03042.png,인간
./test/test_03043.png,인간의이해
./test/test_03044.png,소설위고
./test/test_03045.png,좋아적어
./test/test_03046.png,지적인
./test/test_03047.png,낙관주의자
./test/test_03048.png,전
./test/test_03049.png,
./test/test_03050.png,어젯밤
./test/test_03051.png,
./test/test_03052.png,잘원완
./test/test_03053.png,올
./test/test_03054.png,이문다
./test/test_03055.png,나소
./test/test_03056.png,걱동요결
./test/test_03057.png,내아에
./test/test_03058.png,검다
./test/test_03059.png,회복단력성
./test/test_03060.png,냉정한
./test/test_03061.png,리레
./test/test_03062.png,저붕
./test/test_03063.png,미라클
./test/test_03064.png,착각
./test/test_03065.png,하는
./test/test_03066.png,우리가지금
./test/test_03067.png,스
./test/test_03068.png,속도름늦취라
./test/test_03069.png,마디테라피
./test/test_03070.png,어린이들의
./test/test_03071.png,꿈해석
./test/test_03072.png,칼구스타프움
./test/test_03073.png,한입
./test/test_03074.png,철학
./test/test_03075.png,수업
./test/test_03076.png,신비로운
./test/test_03077.png,나
./test/test_03078.png,생명수업
./test/test_03079.png,프름
./test/test_03080.png,흙
./test/test_03081.png,프롬
./test/test_03082.png,닭
./test/test_03083.png,지혜지넘어
./test/test_03084.png,군자에이르다
./test/test_03085.png,사랑의고수가
./test/test_03086.png,올
./test/test_03087.png,인생
./test/test_03088.png,단어
./test/test_03089.png,척화
./test/test_03090.png,에너지
./test/test_03091.png,버스
./test/test_03092.png,
./test/test_03093.png,살아가이유
./test/test_03094.png,식물의사유
./test/test_03095.png,철학하는
./test/test_03096.png,망각
./test/test_03097.png,과
./test/test_03098.png,자유
./test/test_03099.png,인간의힘
./test/test_03100.png,철학의
./test/test_03101.png,물음
./test/test_03102.png,세월호논
./test/test_03103.png,우리에게
./test/test_03104.png,노자의
./test/test_03105.png,도덕경
./test/test_03106.png,잠들기전철학한줄
./test/test_03107.png,이터
./test/test_03108.png,좌파논이
./test/test_03109.png,연
./test/test_03110.png,일
./test/test_03111.png,짐
./test/test_03112.png,왜냐고
./test/test_03113.png,문지않는삶
./test/test_03114.png,나름단단하게만드는
./test/test_03115.png,나체의말
./test/test_03116.png,틀철학하다
./test/test_03117.png,고로
./test/test_03118.png,철학하다
./test/test_03119.png,철학자의
./test/test_03120.png,서재
./test/test_03121.png,웃음의
./test/test_03122.png,철학
./test/test_03123.png,서양철학사속
./test/test_03124.png,웃음의계보학
./test/test_03125.png,땅의예찬
./test/test_03126.png,코끼리틀삼코
./test/test_03127.png,사물들
./test/test_03128.png,예술
./test/test_03129.png,로서의
./test/test_03130.png,삶
./test/test_03131.png,서
./test/test_03132.png,리오타르
./test/test_03133.png,왜철학올하는가
./test/test_03134.png,고대철학에뵈
./test/test_03135.png,주세철하까지
./test/test_03136.png,철학
./test/test_03137.png,무게릎
./test/test_03138.png,벗다
./test/test_03139.png,술어십
./test/test_03140.png,소에
./test/test_03141.png,잡히늘
./test/test_03142.png,철학
./test/test_03143.png,철학
./test/test_03144.png,듣는
./test/test_03145.png,밑
./test/test_03146.png,그리워서
./test/test_03147.png,사랑이라고한다
./test/test_03148.png,일상
./test/test_03149.png,철학
./test/test_03150.png,이미지의운명
./test/test_03151.png,랑시에트의미학강의
./test/test_03152.png,처음
./test/test_03153.png,만나는
./test/test_03154.png,미학
./test/test_03155.png,밀리클리미학
./test/test_03156.png,비밀의언
./test/test_03157.png,세계
./test/test_03158.png,존재의
./test/test_03159.png,이해
./test/test_03160.png,형이상학
./test/test_03161.png,강의
./test/test_03162.png,한입매일철학
./test/test_03163.png,항진규지음
./test/test_03164.png,꿀벌과
./test/test_03165.png,곁
./test/test_03166.png,철학가퍼
./test/test_03167.png,에
./test/test_03168.png,철학이나름
./test/test_03169.png,위로한다
./test/test_03170.png,나름
./test/test_03171.png,공부활
./test/test_03172.png,시간
./test/test_03173.png,너무재찢어
./test/test_03174.png,잠드는
./test/test_03175.png,철학수업
./test/test_03176.png,철학이란
./test/test_03177.png,무엇입니까
./test/test_03178.png,철학으
./test/test_03179.png,술
./test/test_03180.png,매니규이
./test/test_03181.png,하느
./test/test_03182.png,남자
./test/test_03183.png,사
./test/test_03184.png,철학과
./test/test_03185.png,함께한
./test/test_03186.png,일주일
./test/test_03187.png,간단
./test/test_03188.png,명쾌한
./test/test_03189.png,철학
./test/test_03190.png,모
./test/test_03191.png,철학
./test/test_03192.png,하라
./test/test_03193.png,세사
./test/test_03194.png,왜
./test/test_03195.png,군더더기틀뻔
./test/test_03196.png,첫번째철학
./test/test_03197.png,학주
./test/test_03198.png,니나체야놀
./test/test_03199.png,빛의철학
./test/test_03200.png,소근철학
./test/test_03201.png,철학자
./test/test_03202.png,보시이
./test/test_03203.png,서사새가
./test/test_03204.png,철현
./test/test_03205.png,벼
./test/test_03206.png,즐거운여름밤
./test/test_03207.png,서늘한바람이
./test/test_03208.png,알려주는것들
./test/test_03209.png,철학상담
./test/test_03210.png,김광석과
./test/test_03211.png,철학하기
./test/test_03212.png,학의철
./test/test_03213.png,기초
./test/test_03214.png,손로으
./test/test_03215.png,생각하기
./test/test_03216.png,철학올
./test/test_03217.png,담
./test/test_03218.png,팀
./test/test_03219.png,생각의지도
./test/test_03220.png,진중권의철학에세이
./test/test_03221.png,왜냐고
./test/test_03222.png,문지않는삶
./test/test_03223.png,기분나별따
./test/test_03224.png,책일는
./test/test_03225.png,하버드
./test/test_03226.png,철학수업
./test/test_03227.png,철학은붙이다
./test/test_03228.png,철학의발견
./test/test_03229.png,의닫그시
./test/test_03230.png,철학
./test/test_03231.png,배냐속에담아온
./test/test_03232.png,철학자의
./test/test_03233.png,유여해
./test/test_03234.png,서하한스품으
./test/test_03235.png,철학이
./test/test_03236.png,잇는
./test/test_03237.png,도시
./test/test_03238.png,철학올
./test/test_03239.png,사용하는법
./test/test_03240.png,
./test/test_03241.png,사아가
./test/test_03242.png,벼구하고그런에도
./test/test_03243.png,철학이리
./test/test_03244.png,할만한
./test/test_03245.png,것
./test/test_03246.png,정원에서
./test/test_03247.png,철학을
./test/test_03248.png,만나다
./test/test_03249.png,서산정석해철학논집
./test/test_03250.png,진리와그주변
./test/test_03251.png,길을
./test/test_03252.png,문는
./test/test_03253.png,철학
./test/test_03254.png,진리와
./test/test_03255.png,진리가
./test/test_03256.png,다툼다면
./test/test_03257.png,라강의
./test/test_03258.png,사라
./test/test_03259.png,우리논매일
./test/test_03260.png,슬픔한조각을
./test/test_03261.png,삼키다
./test/test_03262.png,행복한
./test/test_03263.png,인생길
./test/test_03264.png,철학연습
./test/test_03265.png,삶의
./test/test_03266.png,기술
./test/test_03267.png,사전
./test/test_03268.png,고독의
./test/test_03269.png,매뉴얼
./test/test_03270.png,라강
./test/test_03271.png,사탓
./test/test_03272.png,바디우
./test/test_03273.png,괴로운날엔
./test/test_03274.png,오페하우어
./test/test_03275.png,비참한날엔
./test/test_03276.png,으피노자
./test/test_03277.png,꿈
./test/test_03278.png,이라
./test/test_03279.png,동양의논리는
./test/test_03280.png,어디에잇는가
./test/test_03281.png,포스트바디
./test/test_03282.png,지즈유
./test/test_03283.png,지식애
./test/test_03284.png,로사유
./test/test_03285.png,김형철옮김
./test/test_03286.png,해석의갈등
./test/test_03287.png,꼴리코로
./test/test_03288.png,양명수올김
./test/test_03289.png,시간의
./test/test_03290.png,순례자
./test/test_03291.png,사랑하는사람과
./test/test_03292.png,저녁식탁에서
./test/test_03293.png,죽음올이야기합시다
./test/test_03294.png,흙
./test/test_03295.png,모벼미니
./test/test_03296.png,나의눈
./test/test_03297.png,이스이
./test/test_03298.png,기위
./test/test_03299.png,인간이라
./test/test_03300.png,무엇인가
./test/test_03301.png,인간과공간
./test/test_03302.png,초생명
./test/test_03303.png,체
./test/test_03304.png,호모에티구스
./test/test_03305.png,운리적인간의탄생
./test/test_03306.png,시간
./test/test_03307.png,추적자들
./test/test_03308.png,갈라파고스로간
./test/test_03309.png,철학자
./test/test_03310.png,현대
./test/test_03311.png,독일
./test/test_03312.png,미학
./test/test_03313.png,물출때
./test/test_03314.png,아틈다움이
./test/test_03315.png,그저
./test/test_03316.png,여기에
./test/test_03317.png,와비사비
./test/test_03318.png,우이함의기술
./test/test_03319.png,미학
./test/test_03320.png,산책
./test/test_03321.png,아름다움이란
./test/test_03322.png,무엇인가
./test/test_03323.png,삶
./test/test_03324.png,틀
./test/test_03325.png,욕망하는
./test/test_03326.png,생명
./test/test_03327.png,서양미학사
./test/test_03328.png,앞입
./test/test_03329.png,병원인가
./test/test_03330.png,라어그숫소
./test/test_03331.png,사라이
./test/test_03332.png,하까
./test/test_03333.png,이토록
./test/test_03334.png,철학적인
./test/test_03335.png,순간
./test/test_03336.png,잠자전
./test/test_03337.png,분독서
./test/test_03338.png,편견과
./test/test_03339.png,싸우는
./test/test_03340.png,박물관
./test/test_03341.png,박물관
./test/test_03342.png,여
./test/test_03343.png,행
./test/test_03344.png,박물관의탄생
./test/test_03345.png,주
./test/test_03346.png,똑습과
./test/test_03347.png,박물관
./test/test_03348.png,이론
./test/test_03349.png,입문
./test/test_03350.png,하이디
./test/test_03351.png,림책
./test/test_03352.png,내골라주
./test/test_03353.png,어
./test/test_03354.png,박물관으로
./test/test_03355.png,만나논
./test/test_03356.png,용골
./test/test_03357.png,십대클위한
./test/test_03358.png,진로람색위크북
./test/test_03359.png,우리늘작기초제합나다
./test/test_03360.png,세상어서가장아롭다운
./test/test_03361.png,책스만드타라로스
./test/test_03362.png,곁자
./test/test_03363.png,에맨예
./test/test_03364.png,마르크스
./test/test_03365.png,서울에오다
./test/test_03366.png,하자
./test/test_03367.png,인문학
./test/test_03368.png,의
./test/test_03369.png,만년필
./test/test_03370.png,타시
./test/test_03371.png,무돌프코는
./test/test_03372.png,정말놀라운코
./test/test_03373.png,일본
./test/test_03374.png,동남아시아
./test/test_03375.png,너개
./test/test_03376.png,황옥주에세이집
./test/test_03377.png,살리기
./test/test_03378.png,
./test/test_03379.png,제트고노미
./test/test_03380.png,아프지만
./test/test_03381.png,책올
./test/test_03382.png,잃있습니다
./test/test_03383.png,철학
./test/test_03384.png,
./test/test_03385.png,사회적존재의
./test/test_03386.png,존재론
./test/test_03387.png,매달린
./test/test_03388.png,절벽에서
./test/test_03389.png,자유의
./test/test_03390.png,이것
./test/test_03391.png,모든것올
./test/test_03392.png,설명할것이다
./test/test_03393.png,풍경
./test/test_03394.png,온다
./test/test_03395.png,설민석의
./test/test_03396.png,책읽어드컵니다
./test/test_03397.png,나름한위
./test/test_03398.png,교양수업
./test/test_03399.png,질라투께
./test/test_03400.png,아이돌올
./test/test_03401.png,인문하다
./test/test_03402.png,세상의모든교양
./test/test_03403.png,미술이문고
./test/test_03404.png,고전이답하다
./test/test_03405.png,고가리
./test/test_03406.png,부끼
./test/test_03407.png,인문학
./test/test_03408.png,서바이벌
./test/test_03409.png,다시
./test/test_03410.png,책은
./test/test_03411.png,도끼다
./test/test_03412.png,타자와나
./test/test_03413.png,숨겨진진실
./test/test_03414.png,신
./test/test_03415.png,하남
./test/test_03416.png,나는
./test/test_03417.png,구인가누
./test/test_03418.png,매니규어
./test/test_03419.png,하는
./test/test_03420.png,남자
./test/test_03421.png,눈먼
./test/test_03422.png,종교름
./test/test_03423.png,위한
./test/test_03424.png,김경집의
./test/test_03425.png,통찰력
./test/test_03426.png,강의
./test/test_03427.png,세상들
./test/test_03428.png,바문
./test/test_03429.png,질문들
./test/test_03430.png,사틀드어
./test/test_03431.png,하
./test/test_03432.png,필림의
./test/test_03433.png,인문학
./test/test_03434.png,철학
./test/test_03435.png,개님어
./test/test_03436.png,응합
./test/test_03437.png,인문학
./test/test_03438.png,유렵
./test/test_03439.png,기문
./test/test_03440.png,산책
./test/test_03441.png,인문학과
./test/test_03442.png,실용
./test/test_03443.png,경계틀
./test/test_03444.png,서
./test/test_03445.png,청소년
./test/test_03446.png,아이눈
./test/test_03447.png,이어령의
./test/test_03448.png,보자기
./test/test_03449.png,인문학
./test/test_03450.png,밥먹여주는
./test/test_03451.png,입문화
./test/test_03452.png,트럭드
./test/test_03453.png,인문학
./test/test_03454.png,테크노
./test/test_03455.png,인문학
./test/test_03456.png,철학의
./test/test_03457.png,물음
./test/test_03458.png,생각올
./test/test_03459.png,세
./test/test_03460.png,생각들
./test/test_03461.png,
./test/test_03462.png,서재
./test/test_03463.png,시
./test/test_03464.png,하다
./test/test_03465.png,동화
./test/test_03466.png,넘어
./test/test_03467.png,인문학
./test/test_03468.png,시민의교양
./test/test_03469.png,교실빚
./test/test_03470.png,인문학
./test/test_03471.png,한권으로
./test/test_03472.png,백권위기
./test/test_03473.png,치의유
./test/test_03474.png,인문학
./test/test_03475.png,위험한
./test/test_03476.png,시대의
./test/test_03477.png,질문들
./test/test_03478.png,아날로그로
./test/test_03479.png,살아보기
./test/test_03480.png,시간의
./test/test_03481.png,향기
./test/test_03482.png,지식의
./test/test_03483.png,재발견
./test/test_03484.png,사랑하다
./test/test_03485.png,평평한
./test/test_03486.png,지구
./test/test_03487.png,궁금해요
./test/test_03488.png,스마트러님
./test/test_03489.png,재
./test/test_03490.png,당신은
./test/test_03491.png,지루항이
./test/test_03492.png,필요하다
./test/test_03493.png,에로스으
./test/test_03494.png,종말
./test/test_03495.png,의모
./test/test_03496.png,숲
./test/test_03497.png,벌거벗은
./test/test_03498.png,철학자
./test/test_03499.png,소
./test/test_03500.png,걸어다니는
./test/test_03501.png,철학
./test/test_03502.png,낙관하지
./test/test_03503.png,앞눈
./test/test_03504.png,희망
./test/test_03505.png,액트오보
./test/test_03506.png,건시어스니스
./test/test_03507.png,현대
./test/test_03508.png,독일
./test/test_03509.png,미학
./test/test_03510.png,니학
./test/test_03511.png,사책
./test/test_03512.png,예술
./test/test_03513.png,로서의
./test/test_03514.png,삶
./test/test_03515.png,반센트으
./test/test_03516.png,
./test/test_03517.png,와
./test/test_03518.png,우울한가
./test/test_03519.png,철학이라
./test/test_03520.png,할만한
./test/test_03521.png,것
./test/test_03522.png,심야
./test/test_03523.png,라디오
./test/test_03524.png,정원에서
./test/test_03525.png,철학올
./test/test_03526.png,만나다
./test/test_03527.png,올글
./test/test_03528.png,물는
./test/test_03529.png,철사상수
./test/test_03530.png,심손가족이
./test/test_03531.png,사슴법
./test/test_03532.png,진리와
./test/test_03533.png,진리가
./test/test_03534.png,다툼다면
./test/test_03535.png,언어와
./test/test_03536.png,차이로
./test/test_03537.png,만문세계
./test/test_03538.png,나체와
./test/test_03539.png,장자능
./test/test_03540.png,라강으
./test/test_03541.png,사라
./test/test_03542.png,의심으
./test/test_03543.png,철학
./test/test_03544.png,나름
./test/test_03545.png,만나는
./test/test_03546.png,시간
./test/test_03547.png,처하한스품
./test/test_03548.png,철학이
./test/test_03549.png,잇는
./test/test_03550.png,도시
./test/test_03551.png,손으로
./test/test_03552.png,생각하기
./test/test_03553.png,불확실한날들의
./test/test_03554.png,철학
./test/test_03555.png,탁월하
./test/test_03556.png,사유의
./test/test_03557.png,시선
./test/test_03558.png,하버드
./test/test_03559.png,철학스언
./test/test_03560.png,작틀
./test/test_03561.png,만니
./test/test_03562.png,삶의품격에
./test/test_03563.png,대하여
./test/test_03564.png,철학올
./test/test_03565.png,담은
./test/test_03566.png,팀
./test/test_03567.png,왜냐고
./test/test_03568.png,문지않는삶
./test/test_03569.png,기분나별때
./test/test_03570.png,일는책
./test/test_03571.png,나는
./test/test_03572.png,착각일
./test/test_03573.png,뽑이다
./test/test_03574.png,타자으
./test/test_03575.png,추바
./test/test_03576.png,새간
./test/test_03577.png,여스너터
./test/test_03579.png,꿀벌과
./test/test_03580.png,꽃
./test/test_03581.png,설학
./test/test_03582.png,하라
./test/test_03583.png,세사
./test/test_03584.png,왜
./test/test_03585.png,철학
./test/test_03586.png,철학
./test/test_03587.png,스어노
./test/test_03588.png,삶은
./test/test_03589.png,어떻게
./test/test_03590.png,상실의시대
./test/test_03591.png,동양과서양이
./test/test_03592.png,편지틀쓰다
./test/test_03593.png,철학가게
./test/test_03594.png,시대틀
./test/test_03595.png,매흑한
./test/test_03596.png,철학
./test/test_03597.png,크
./test/test_03598.png,되는가
./test/test_03599.png,철학과
./test/test_03600.png,함께한
./test/test_03601.png,일주일
./test/test_03602.png,세상
./test/test_03603.png,끝의카
./test/test_03604.png,면아내
./test/test_03605.png,어때
./test/test_03606.png,알행드보통
./test/test_03607.png,철학의위인
./test/test_03608.png,철학이관
./test/test_03609.png,무엇인가
./test/test_03610.png,일상에서
./test/test_03611.png,이성의역사
./test/test_03612.png,고통받는
./test/test_03613.png,몸
./test/test_03614.png,포스트바디
./test/test_03615.png,피에로라비의
./test/test_03616.png,자발적소박함
./test/test_03617.png,허공의
./test/test_03618.png,놀라운
./test/test_03619.png,비밀
./test/test_03620.png,리
./test/test_03621.png,왜죽어야
./test/test_03622.png,하나요
./test/test_03623.png,시간
./test/test_03624.png,여행
./test/test_03625.png,지루하고도유쾌한
./test/test_03626.png,시간의철학
./test/test_03627.png,새각은
./test/test_03628.png,다히이세
./test/test_03629.png,가볍게읽는
./test/test_03630.png,시간
./test/test_03631.png,인문학
./test/test_03632.png,시간의
./test/test_03633.png,순례자
./test/test_03634.png,흙
./test/test_03635.png,기로운날엔
./test/test_03636.png,오페하우어
./test/test_03637.png,극복대상으로서
./test/test_03638.png,묵망
./test/test_03639.png,우울한날엔
./test/test_03640.png,이체
./test/test_03641.png,비참한날엔
./test/test_03642.png,으피노자
./test/test_03643.png,스피노자와
./test/test_03644.png,표현문저
./test/test_03645.png,미치과이
./test/test_03646.png,문저
./test/test_03647.png,찌지이
./test/test_03648.png,여섯
./test/test_03649.png,철학자
./test/test_03650.png,유렵
./test/test_03651.png,사
./test/test_03652.png,산카
./test/test_03653.png,철학
./test/test_03654.png,입문
./test/test_03655.png,철학자사전
./test/test_03656.png,만화로보는
./test/test_03657.png,지상최대으
./test/test_03658.png,철학쇼
./test/test_03659.png,푸코의미학
./test/test_03660.png,삶과예술사이에서
./test/test_03661.png,처음
./test/test_03662.png,만나는
./test/test_03663.png,미학
./test/test_03664.png,예감에
./test/test_03665.png,가득찬
./test/test_03666.png,숲그늘
./test/test_03667.png,모바일포렌식
./test/test_03668.png,손으로잊히면
./test/test_03669.png,배우는
./test/test_03670.png,생활보안첫걸음
./test/test_03671.png,모바일
./test/test_03672.png,플라우드
./test/test_03673.png,보안
